Date,ADBE,APPF,AVLR,BL,BOX,COUP,CRM,CRWD,DBX,DDOG,DOCU,DOMO,ESTC,EVBG,FIVN,FSLY,HUBS,JCOM,MDLA,MIME,NET,NEWR,NOW,PAYC,PCTY,PD,PFPT,PLAN,PS,PYPL,QLYS,QTWO,RNG,RP,SHOP,SMAR,SQ,TEAM,TENB,TWLO,TWOU,VEEV,WDAY,WORK,ZEN,ZM,ZS,ZUO,OKTA,WIX,WK,YEXT
2/1/2020,334.42999269999996,113.4899979,78.05000305,52.59000015,17.23999977,153.57000730000001,166.9900055,49.43999863,18.09000015,36.70000076,75.90000153,21.04000092,65.79000092,79.98999786,66.76000214,21.5,162.57000730000001,95.63999939,31.01000023,44.22999954,17.03000069,68.05999756,291.23999019999997,271.7999878,126.77999879999999,24.34000015,117.2300034,53.77999878,17.0,110.75,84.23999786,82.81999969,173.1900024,54.59000015,407.80999760000003,45.84000015,63.83000183,122.8799973,24.45999908,103.1500015,23.53000069,143.3999939,167.46000669999998,23.02000046,79.98999786,68.72000122,47.33000183,14.76000023,117.31,127.55,43.36,14.64
3/1/2020,331.80999760000003,112.2699966,78.86000061,52.81000137,16.94000053,159.58000180000002,166.16999819999998,50.75,18.0,37.41999817,75.55999756,21.5,66.08000183,80.41999817,67.01000214,21.76000023,164.0,95.55999756,29.95999908,44.79000092,17.17000008,67.69000244,291.10000610000003,272.7099915,125.66999820000001,24.37999916,118.15000149999999,54.34999847,16.92000008,108.7600021,83.56999969,84.04000092,170.5,54.58000183,404.2900085,45.81000137,63.0,123.04000090000001,24.69000053,103.51999659999998,23.20999908,142.5099945,168.4400024,22.45999908,78.34999847,67.27999878,47.38000107,14.77000046,118.29,128.92,43.2,14.25
6/1/2020,333.7099915,112.97000120000001,80.06999969,53.66999817,17.31999969,164.7599945,173.4499969,55.11000061,18.53000069,39.90000153,75.38999939,22.69000053,67.80999756,82.23000336,68.33000183,21.86000061,167.0,96.05999756,30.70999908,46.15000153,17.69000053,68.09999847,292.86999510000004,278.0899963,128.8099976,24.63999939,120.4100037,55.09999847,17.26000023,110.16999820000001,84.87999725,85.25,177.0500031,54.56999969,413.32998660000004,45.81000137,62.56999969,127.6900024,25.44000053,107.45999909999999,23.96999931,144.1999969,169.4900055,23.52000046,80.93000031,70.31999969,48.70000076,14.67000008,123.43,131.63,43.45,14.77
7/1/2020,333.39001460000003,114.16999820000001,82.51000214,53.47000122,16.96999931,165.7599945,176.0,54.75,18.53000069,40.06000137,75.23999786,22.64999962,69.40000153,82.98999786,67.91000366,21.39999962,168.5,96.33000183,30.95000076,47.06999969,17.67000008,68.08000183,292.9100037,279.48999019999997,129.3999939,24.71999931,122.2300034,54.65999985,17.14999962,109.66999820000001,83.69000244,83.30000305,176.7299957,54.59000015,414.5,45.13999939,64.58999634,128.1499939,25.36000061,108.0599976,23.95999908,139.1999969,172.9499969,23.82999992,78.68000031,71.90000153,48.40000153,14.68999958,122.89,130.01,43.81,14.71
8/1/2020,337.86999510000004,115.3000031,82.13999939,55.04999924,16.86000061,167.46000669999998,177.33000180000002,55.65999985,18.45999908,39.95000076,76.26999664,22.61000061,69.76999664,82.94999695,70.19999695,21.79000092,173.0,97.44999695,31.47999954,47.84999847,17.78000069,69.13999939,295.64999389999997,283.11999510000004,130.2200012,25.27000046,123.84999850000001,55.95000076,17.43000031,111.8199997,84.05000305,84.13999939,180.8899994,55.20000076,418.10000610000003,45.15999985,67.59999847,130.0599976,26.0,109.3899994,24.0,141.6999969,178.71000669999998,23.77000046,79.80000305,72.55000305,50.75,14.65999985,125.55,133.78,44.09,14.77
9/1/2020,340.4500122,118.6200027,84.47000122,55.49000168,16.97999954,171.46000669999998,179.6000061,55.93999863,18.37000084,40.20999908,75.80000305,23.64999962,69.37000275,83.54000092,71.20500183,21.61000061,177.27999880000002,98.26000214,33.68999863,48.54999924,17.02000046,69.44999695,299.30999760000003,285.2900085,132.2299957,24.64999962,121.8700027,57.59000015,17.79999924,112.5699997,84.08000183,84.02999878,184.36999509999998,55.22000122,430.20001219999995,45.38999939,67.93000031,135.41000369999998,25.73999977,113.0199966,23.32999992,145.72000119999998,179.4799957,23.17000008,81.16000366,72.62000275,54.0,14.88000011,128.52,140.08,44.73,14.95
10/1/2020,339.80999760000003,120.0500031,83.59999847,55.27999878,16.80999947,169.6000061,180.1999969,57.20000076,17.81999969,40.15999985,74.83000183,24.19000053,69.22000122,83.66999817,71.15000153,21.22999954,175.7700043,99.08999634,33.45999908,48.79999924,17.47999954,67.30000305,298.88000489999996,285.57998660000004,132.3600006,24.20999908,121.8399963,56.75999832,17.89500046,112.9300003,83.58000183,83.15000153,183.4799957,56.0,429.17001339999996,45.15999985,67.98999786,133.8999939,25.57999992,115.7399979,21.51000023,145.5099945,180.1100006,23.12000084,81.80000305,73.08999634,55.0,15.02999973,129.39,140.26,45.35,14.95
13/1/2020,345.63000489999996,121.1399994,85.40000153,55.65999985,16.60000038,173.6399994,183.8500061,58.97000122,17.86000061,40.93999863,74.15000153,24.55999947,68.69000244,84.95999908,72.62000275,22.14999962,179.41999819999998,99.73999786,31.64999962,48.45999908,18.36000061,69.33000183,303.85000610000003,295.42999269999996,136.1900024,24.92000008,121.34999850000001,57.59000015,18.02000046,115.27999879999999,83.94999695,84.81999969,186.6900024,57.20000076,440.25,45.24000168,68.66000366,136.07000730000001,26.10000038,120.3399963,21.20999908,148.66000369999998,181.91999819999998,23.20000076,83.79000092,74.02999878,59.61999893,15.44999981,131.16,142.43,46.2,15.59
14/1/2020,344.63000489999996,121.0100021,85.18000031,56.45000076,16.21999931,171.1000061,182.11999509999998,59.24000168,18.00499916,39.27000046,72.80000305,24.29000092,70.66999817,85.66999817,71.91999817,22.04999924,179.53999330000002,100.1800003,32.5,48.99000168,18.70000076,70.66999817,301.5,286.51000980000003,135.1499939,24.70999908,122.4400024,57.04000092,19.05999947,114.6399994,84.08999634,83.94000244,185.78999330000002,57.02000046,441.2200012,44.43999863,68.16999817,134.22000119999998,26.01000023,119.0199966,21.45999908,147.77999880000002,179.9799957,22.28000069,83.23000336,73.16000366,59.54000092,15.34000015,129.03,142.74,45.8,15.34
15/1/2020,342.94000239999997,121.9300003,86.51000214,57.86000061,16.07999992,169.86999509999998,181.0599976,60.25,18.30999947,40.22999954,73.02999878,24.90999985,71.5,87.73999786,72.72000122,22.76000023,182.6000061,101.69000240000001,31.17000008,49.31000137,18.85000038,72.58999634,304.86999510000004,289.0899963,136.3500061,24.42000008,123.4400024,57.15000153,19.75,114.84999850000001,85.33999634,85.51000214,189.71000669999998,57.20999908,448.51000980000003,43.97000122,70.36000061,134.91000369999998,26.27000046,119.8799973,21.20999908,144.42999269999999,179.17999269999999,22.32999992,83.98999786,76.94000244,59.99000168,15.5,128.57,141.97,45.2,15.14
16/1/2020,345.38000489999996,122.84999850000001,85.87999725,61.88000107,16.60000038,168.9799957,182.6900024,62.24000168,18.0,40.61000061,73.08000183,24.96999931,71.87000275,89.0,73.30999756,24.07999992,181.71000669999998,103.1299973,31.93000031,50.00999832,18.95999908,72.44000244,310.019989,294.30999760000003,139.1100006,25.37000084,125.3600006,57.00999832,20.07999992,115.40000149999999,85.33999634,86.72000122,190.83000180000002,57.54999924,451.29998780000005,46.09000015,69.51999664,134.72000119999998,26.87000084,119.58000179999999,21.77000046,147.32000730000001,182.77999880000002,22.96999931,84.69999695,76.11000061,61.81999969,15.65999985,128.4,142.67,45.68,15.35
17/1/2020,349.73999019999997,124.09999850000001,84.65000153,62.29499817,16.27000046,169.42999269999999,182.2299957,63.45000076,18.02000046,41.18999863,72.52999878,24.11000061,70.47000122,88.19999695,73.58000183,24.40999985,181.72000119999998,102.41999820000001,31.77000046,49.97000122,18.60000038,70.47000122,312.519989,296.23999019999997,141.6000061,25.22999954,123.2600021,56.52000046,19.76000023,116.04000090000001,84.90000153,87.69999695,192.8899994,57.86000061,454.88000489999996,45.25999832,69.37999725,132.8500061,26.68000031,119.3600006,22.84000015,148.07000730000001,181.0599976,22.45999908,83.97000122,75.55999756,59.43000031,15.35000038,125.83,140.27,45.15,15.63
21/1/2020,350.0,123.41999820000001,84.83000183,62.25999832,16.27000046,169.57000730000001,185.2700043,62.24000168,17.63999939,41.13000107,73.12999725,24.29000092,70.33000183,87.75,73.15000153,24.44000053,181.83999630000002,103.4700012,31.10000038,49.5,18.0,70.44000244,312.980011,299.7799988,140.9799957,24.76000023,124.72000120000001,56.33000183,19.71500015,116.15000149999999,85.41999817,87.19999695,196.2599945,57.79000092,465.4400024,46.33000183,68.30999756,131.3200073,26.62000084,119.08000179999999,21.91500092,146.08999630000002,182.3099976,22.30999947,85.56999969,76.73000336,60.50999832,15.18000031,125.26,140.38,44.81,15.75
22/1/2020,350.05999760000003,125.3899994,84.25,61.38999939,16.18000031,167.5099945,182.75,62.56999969,17.53000069,42.22000122,74.40000153,24.87000084,68.91999817,88.76999664,71.48999786,24.65999985,183.42999269999999,102.3700027,31.42000008,49.24000168,18.04999924,70.66999817,312.85000610000003,303.2799988,140.88000490000002,25.37999916,126.70999909999999,55.59000015,19.40999985,115.5,86.09999847,88.37000275,195.11999509999998,57.50999832,464.76000980000003,47.29999924,68.69000244,131.4600067,26.78000069,119.1200027,21.63999939,145.6900024,182.41000369999998,22.13999939,85.18000031,75.54000092,59.91999817,15.39000034,125.02,140.01,44.27,15.52
23/1/2020,351.76000980000003,125.5699997,83.22000122,60.49000168,16.32999992,165.25,183.9799957,61.54999924,17.70999908,42.81000137,74.33000183,25.78000069,68.02999878,87.125,70.80000305,25.18000031,185.41000369999998,102.25,31.12999916,49.86000061,18.17000008,69.98000336,311.4599915,314.85000610000003,139.57000730000001,24.15999985,127.1600037,56.88999939,19.92000008,117.8899994,87.01000214,88.16000366,197.6499939,58.36999893,469.25,46.77999878,69.29000092,132.6399994,27.04000092,120.8000031,21.46500015,145.57000730000001,184.38000490000002,21.21999931,85.97000122,74.47000122,59.31000137,15.77999973,127.84,140.41,45.29,15.32
24/1/2020,351.36999510000004,124.6800003,82.36000061,60.27999878,16.20999908,163.6999969,182.1100006,59.25,17.34000015,42.04999924,74.18000031,25.20999908,66.38999939,89.80000305,70.87000275,24.01000023,184.8500061,100.0,30.62999916,50.13000107,17.77000046,68.48999786,309.39001460000003,314.80999760000003,138.66999819999998,23.71999931,128.5800018,57.99000168,19.77000046,116.9800034,86.75,87.15000153,197.33999630000002,58.43999863,465.48001100000005,46.54999924,71.13999939,146.78999330000002,27.0,121.3799973,19.78000069,145.1900024,186.07000730000001,20.59000015,86.19000244,73.0,57.79999924,15.44999981,129.66,141.03,45.41,15.04
27/1/2020,346.89999389999997,125.0599976,81.91000366,58.59999847,15.34000015,161.3099976,180.71000669999998,58.06000137,16.95000076,41.25500107,72.76999664,24.59000015,65.11000061,89.29000092,70.68499756,22.86000061,182.5599976,98.73999786,29.84000015,48.86000061,17.81999969,67.70999908,307.63000489999996,312.5299988,137.66000369999998,23.10000038,128.2299957,56.75,19.45999908,115.2399979,85.29000092,86.73000336,195.1499939,58.08000183,451.1099853999999,45.25,71.05000305,143.83000180000002,26.55999947,120.5500031,18.84000015,141.77999880000002,183.96000669999998,20.05999947,84.90000153,70.44000244,56.04000092,15.01000023,125.82,139.63,44.97,14.95
28/1/2020,354.63000489999996,127.59999850000001,83.33999634,59.68999863,15.22000027,165.3600006,182.8500061,59.06999969,17.13999939,42.15999985,74.93000031,25.03000069,65.98999786,90.5,72.23999786,23.65999985,184.41000369999998,99.75,29.62000084,50.02000046,18.07999992,67.69999695,314.0499878,318.5899963,140.58999630000002,23.65999985,128.13000490000002,58.47999954,20.01000023,116.5199966,87.22000122,87.93000031,200.61999509999998,58.56999969,467.66000369999995,46.61999893,74.80000305,149.2700043,26.80999947,122.7600021,19.82999992,145.4900055,186.67999269999999,20.97999954,85.87000275,71.51000214,56.5,15.06000042,127.47,142.8,45.97,15.23
29/1/2020,351.6600037,128.6100006,84.80000305,59.66999817,15.28999996,165.2599945,181.7700043,60.25999832,16.95000076,43.91999817,76.91999817,24.80999947,66.26999664,91.12999725,71.63999939,24.29999924,182.5200043,98.80000305,29.19000053,50.34999847,17.59000015,68.22000122,312.92999269999996,322.0499878,140.66999819999998,24.35000038,127.9899979,57.61999893,19.94000053,116.6600037,87.23000336,87.5,203.2299957,59.02000046,471.67001339999996,47.45000076,76.16000366,149.1499939,27.43000031,123.8000031,19.61000061,145.41999819999998,183.6100006,20.79999924,86.0,73.58000183,57.13000107,14.85000038,129.0,143.4,45.74,15.18
30/1/2020,356.73999019999997,132.2299957,87.48000336,60.90999985,15.22000027,165.78999330000002,185.66999819999998,62.45000076,17.01000023,47.04000092,79.11000061,24.69000053,66.13999939,91.61000061,72.68000031,23.35000038,183.91000369999998,99.11000061,28.85000038,50.72000122,18.31999969,68.25,341.61999510000004,325.61999510000004,142.4799957,24.61000061,125.8899994,58.36999893,19.76000023,117.1200027,86.80999756,89.83000183,206.02999880000002,59.29000092,476.88000489999996,49.08000183,76.09999847,149.58000180000002,27.52000046,124.8099976,20.04999924,150.25,188.1499939,20.63999939,87.0,74.54000092,57.68999863,15.0,132.94,144.91,47.09,15.35
31/1/2020,351.14001460000003,131.4400024,85.13999939,61.16999817,15.02999973,161.1499939,182.3099976,61.09000015,17.02000046,46.20999908,78.51000214,24.21999931,64.87999725,90.63999939,71.73000336,22.51000023,180.9400024,95.86000061,28.21999931,51.02999878,17.86000061,66.01000214,338.230011,318.1600037,141.8899994,23.31999969,122.8099976,57.59000015,19.38999939,113.8899994,85.73999786,87.19000244,205.58000180000002,58.34999847,465.66000369999995,48.47999954,74.69000244,147.0,27.25,124.3399963,19.80999947,146.6100006,184.63000490000002,20.72999954,86.40000153,76.30000305,56.09000015,14.75,128.05,142.69,45.49,14.94
3/2/2020,358.0,132.4600067,87.23000336,61.50999832,15.15999985,161.7299957,185.41999819999998,61.08000183,16.90999985,45.25999832,80.62999725,23.87000084,65.5,91.70999908,72.70999908,22.43000031,182.91000369999998,96.38999939,28.84000015,51.54999924,17.69000053,67.87000275,343.2000122,323.4700012,144.11999509999998,23.47999954,121.4800034,59.90999985,19.68000031,116.5100021,85.56999969,86.84999847,205.7599945,58.88999939,469.3900146000001,50.50999832,79.80000305,149.3999939,28.20999908,128.1799927,20.0,148.58999630000002,188.57000730000001,20.97999954,87.87999725,87.66000366,56.81999969,15.31999969,129.35,145.21,46.16,15.21
4/2/2020,366.73999019999997,137.52999880000002,92.76999664,63.40000153,15.55000019,169.07000730000001,188.33999630000002,63.55500031,17.10000038,47.59999847,82.01999664,24.67000008,69.73000336,93.91999817,75.16999817,22.75,185.72000119999998,98.18000031,28.01000023,53.06000137,17.93000031,70.76999664,352.0299988,337.73999019999997,149.7599945,24.06999969,126.09999850000001,63.40000153,19.79000092,120.08000179999999,87.41000366,89.06999969,209.1499939,59.83000183,485.4599915,51.77000046,80.90000153,152.08999630000002,28.62999916,131.8999939,21.22999954,154.27999880000002,194.6999969,23.25,89.51999664,85.79000092,58.88000107,15.93999958,134.76,148.28,46.75,15.54
5/2/2020,365.5499878,133.5200043,88.5,61.34999847,15.55000019,158.6399994,185.4900055,61.81499863,17.61000061,45.72999954,80.73999786,24.70999908,67.16000366,91.83999634,73.27999878,21.06999969,177.17999269999999,97.76000214,27.79000092,52.72999954,18.0,62.93000031,338.5,322.5,136.77999880000002,22.90999985,127.52999879999999,59.43000031,19.03499985,119.72000120000001,87.97000122,85.40000153,206.2599945,59.25,475.5599976,48.84000015,78.25,146.58000180000002,27.40999985,127.15000149999999,21.87999916,151.5,188.47000119999998,23.30999947,87.22000122,86.98999786,58.50999832,15.68999958,129.67,145.5,46.03,15.49
6/2/2020,367.4599915,137.1000061,88.63999939,61.65999985,15.76000023,158.5500031,186.7299957,62.18999863,18.26000023,46.04999924,81.44000244,24.69000053,69.05999756,93.11000061,73.98000336,21.70999908,179.2400055,98.62999725,28.07999992,52.97999954,17.77000046,64.34999847,341.7000122,290.7099915,136.28999330000002,22.88999939,126.0699997,59.72000122,19.72999954,119.8899994,88.70999908,85.91000366,205.16000369999998,60.29999924,472.98001100000005,48.54999924,78.51000214,147.9400024,27.96999931,117.8700027,22.73999977,151.1100006,187.5,22.64999962,86.80999756,87.26000214,58.40000153,15.84000015,130.09,147.07,46.34,15.94
7/2/2020,366.0899963,136.8500061,89.83000183,62.0,15.44999981,157.88000490000002,185.72000119999998,62.09000015,18.10000038,47.18000031,83.16000366,24.75,69.59999847,92.54000092,73.91999817,21.61000061,179.47000119999998,98.58999634,28.92000008,52.91999817,18.17000008,62.06000137,341.05999760000003,293.5299988,140.1900024,22.5,126.6800003,59.86999893,19.46999931,118.8799973,88.56999969,86.08000183,207.47000119999998,60.27000046,478.6900024,48.24000168,78.86000061,148.0,27.19000053,122.20999909999999,25.32999992,151.63000490000002,192.08000180000002,22.98999977,86.94999695,88.63999939,58.97000122,15.71000004,132.79,145.05,47.03,15.88
10/2/2020,370.0,136.6900024,91.80999756,62.91999817,15.65999985,161.2400055,189.11999509999998,63.29999924,18.53000069,47.95000076,84.61000061,24.06999969,71.5,92.80999756,75.87999725,21.81999969,183.4400024,100.01999659999998,28.88999939,53.56000137,18.34000015,61.06999969,342.769989,297.98999019999997,143.78999330000002,22.88999939,128.25,61.02000046,19.97999954,120.0599976,89.91999817,88.02999878,212.6100006,60.50999832,491.6900024,49.63999939,80.16999817,151.27999880000002,27.69000053,125.70999909999999,23.22999954,153.42999269999999,194.8600006,26.54000092,89.19999695,89.66999817,60.84000015,15.84000015,135.76,145.8,47.08,15.75
11/2/2020,369.2799988,137.6999969,90.84999847,63.18000031,15.63000011,160.02999880000002,189.1100006,65.19000244,18.60000038,47.81000137,85.33000183,24.78000069,71.5,92.16000366,75.16999817,21.87000084,181.8999939,95.70999908,29.75,48.61999893,18.37000084,60.20000076,343.57000730000004,294.76000980000003,142.0500031,22.36000061,127.6800003,60.77999878,19.92000008,118.8399963,89.61000061,86.22000122,227.0200043,60.45999908,492.75,49.29999924,79.87999725,149.0,27.86000061,125.4100037,25.17000008,154.0200043,193.07000730000001,25.97999954,88.54000092,88.68000031,60.91999817,15.56000042,137.27,144.32,46.57,16.21
12/2/2020,374.2900085,137.3999939,92.68000031,63.41999817,15.59000015,165.3600006,189.46000669999998,65.08000183,18.56999969,50.00999832,87.33000183,24.61000061,72.20999908,91.13999939,75.62999725,22.29999924,184.16999819999998,95.75,29.75,46.45999908,17.81999969,60.06000137,349.7999878,296.35998539999997,142.8000031,22.04999924,126.09999850000001,62.56999969,20.63999939,118.5599976,91.05000305,87.20999908,235.14999390000003,60.54999924,531.25,49.13999939,80.0,151.53999330000002,28.0,125.91999820000001,24.70499992,154.47000119999998,194.3999939,25.80999947,88.87999725,88.27999878,60.47999954,15.81999969,137.58,145.0,46.29,15.9
13/2/2020,374.8399963,137.8000031,91.25,65.0,15.60999966,165.16000369999998,188.6399994,65.30999756,18.61000061,48.5,88.02999878,24.95000076,72.13999939,91.01999664,75.98000336,22.45999908,197.33999630000002,97.69000244,29.48999977,46.36999893,18.06999969,62.04999924,351.80999760000003,303.2900085,146.36999509999998,21.06999969,126.0699997,62.31999969,18.72999954,120.5100021,90.08000183,87.94000244,242.85000609999997,60.68999863,532.9699707,49.63999939,80.98999786,153.25,27.75,128.6699982,24.97999954,153.9499969,194.66999819999998,26.54999924,89.52999878,89.86000061,61.90000153,15.86999989,135.31,146.74,47.17,16.15
14/2/2020,379.67001339999996,139.9900055,92.47000122,66.55000305,15.89000034,167.47000119999998,189.9499969,64.84999847,18.53000069,47.02999878,89.41000366,25.05999947,72.61000061,91.87999725,76.58999634,22.95999908,197.77999880000002,97.55999756,30.5,49.02000046,17.75,60.97000122,356.1600037,314.42999269999996,147.6499939,21.29999924,127.15000149999999,62.84999847,18.65999985,122.9899979,92.44000244,87.98000336,242.3899994,61.34999847,531.2199707,50.04000092,81.86000061,154.41999819999998,28.17000008,127.7399979,25.12999916,158.86999509999998,196.9900055,27.98999977,90.48000336,90.94999695,62.11000061,15.97000027,137.03,148.26,47.57,16.12
18/2/2020,378.85000610000003,141.0099945,91.94000244,68.0,16.23999977,169.41999819999998,191.08999630000002,66.04000092,18.38999939,47.08000183,90.76000214,24.77000046,73.19999695,91.83999634,76.94000244,22.79999924,196.97000119999998,96.80999756,30.79999924,49.24000168,17.5,60.72000122,357.48999019999997,318.1600037,147.4499969,21.65999985,126.4800034,62.90000153,19.02000046,122.2699966,92.86000061,87.29000092,245.7299957,61.65999985,536.4099731000001,50.84000015,82.41999817,153.88000490000002,27.89999962,128.1399994,25.17000008,162.0200043,199.38000490000002,27.57999992,90.23999786,96.38999939,63.86000061,16.14999962,137.9,151.74,47.76,16.45
19/2/2020,383.2799988,144.8999939,90.18000031,68.73999786,16.20999908,173.03999330000002,192.86999509999998,66.02999878,18.31999969,47.29999924,91.48999786,25.0,73.55999756,104.20999909999999,78.75,24.20000076,198.52999880000002,97.33999634,30.54000092,48.40000153,18.01000023,60.68000031,357.7200012,324.480011,149.7299957,21.98999977,124.4800034,62.90000153,20.05999947,123.9100037,93.41000366,87.79000092,248.78999330000002,61.95000076,543.210022,50.29000092,85.23999786,152.0500031,28.35000038,128.0599976,24.51000023,163.8899994,197.58000180000002,27.5,90.01999664,103.9300003,65.16999817,16.06999969,139.5,155.24,48.79,16.92
20/2/2020,378.9599915,143.0599976,89.11000061,68.41999817,16.20000076,169.1499939,193.3600006,63.38000107,18.71500015,45.99000168,90.30999756,25.42499924,73.58000183,101.04000090000001,75.12000275,24.59000015,194.2400055,96.22000122,30.68000031,48.16999817,20.29999924,60.84000015,352.94000239999997,310.32998660000004,145.0500031,21.29999924,125.70999909999999,61.59000015,20.34000015,122.4300003,94.31999969,89.12000275,243.75999449999998,61.97999954,535.5800171,49.59999847,85.69999695,148.9799957,28.40999985,126.70999909999999,24.98999977,164.97000119999998,190.5599976,27.48999977,88.30000305,105.29000090000001,65.18000031,16.07999992,138.55,141.68,48.31,16.41
21/2/2020,372.9500122,133.8000031,87.70999908,65.37000275,16.17000008,163.3099976,189.5,60.93000031,22.45000076,45.68000031,88.73000336,26.86000061,72.77999878,104.97000120000001,73.25,23.11000061,185.92999269999999,95.18000031,30.43000031,46.40000153,21.02000046,59.47999954,344.480011,300.39001460000003,138.72000119999998,21.04000092,123.90000149999999,59.86999893,19.18000031,119.4899979,91.63999939,84.76999664,235.9100037,61.18000031,520.6599731000001,48.75,83.48999786,145.92999269999999,27.31999969,123.2699966,24.68499947,159.82000730000001,183.8600006,28.44000053,86.25,101.7600021,54.50999832,15.63000011,133.59,137.31,47.11,16.45
24/2/2020,357.4100037,128.2899933,84.84999847,64.70999908,15.88000011,160.28999330000002,185.9400024,58.08000183,21.76000023,44.95999908,86.37000275,26.95999908,71.30000305,101.79000090000001,72.29000092,20.64999962,180.1000061,93.26999664,29.37999916,45.47000122,19.80999947,58.58000183,333.55999760000003,295.769989,136.52999880000002,20.60000038,121.22000120000001,57.97000122,18.95000076,116.4400024,88.86000061,83.23999786,234.14999390000003,60.81999969,490.9599915,46.68999863,80.20999908,147.1100006,27.19000053,117.9400024,25.21999931,154.0200043,177.1100006,27.92000008,84.23000336,105.0100021,51.86000061,14.98999977,126.8,131.5,44.88,15.98
25/2/2020,347.7999878,125.04000090000001,84.0,63.49000168,15.03999996,159.8999939,181.2700043,57.74000168,20.63999939,44.31000137,83.05999756,24.5,66.15000153,104.4000015,74.02999878,20.51000023,178.83000180000002,90.20999908,27.38999939,43.91999817,20.29000092,56.84000015,329.7200012,288.9100037,133.6600037,19.81999969,116.4800034,57.00999832,18.45000076,109.6600037,83.91999817,79.79000092,235.30999759999997,58.93000031,466.4599915,45.97999954,77.05000305,144.4799957,26.21999931,112.3099976,24.12999916,149.96000669999998,175.47000119999998,26.75,81.30999756,107.08000179999999,50.40999985,14.05000019,122.97,133.69,44.95,15.68
26/2/2020,351.3399963,123.72000120000001,86.61000061,64.23999786,14.97999954,160.16000369999998,178.86999509999998,58.45999908,19.87999916,43.90999985,83.58000183,23.64999962,63.79999924,106.66999820000001,74.05000305,20.69000053,180.8500061,90.13999939,26.14999962,43.02000046,22.11000061,53.81999969,334.269989,291.92001339999996,135.2700043,19.5,116.1399994,58.09000015,18.40999985,109.1100006,81.87999725,77.95999908,234.92999269999996,58.09000015,471.1799927,48.68999863,76.58999634,146.5,25.68000031,112.95999909999999,22.96999931,147.4900055,175.3600006,26.61000061,83.04000092,106.8799973,51.33000183,13.76000023,127.82,132.5,44.97,15.53
27/2/2020,337.519989,118.4400024,82.97000122,62.15000153,15.27999973,153.6900024,172.1499939,57.5,19.32999992,45.88999939,83.20999908,21.98999977,71.93000031,105.54000090000001,71.75,19.61000061,175.66000369999998,87.30999756,25.34000015,40.95999908,21.94000053,54.90000153,320.10000610000003,281.35998539999997,129.5599976,18.59000015,111.0899963,44.02999878,17.25,107.8399963,77.68000031,75.86000061,235.7299957,55.04999924,438.36999510000004,45.54999924,79.30999756,143.0,24.70999908,110.9100037,22.96999931,144.42999269999999,171.1999969,26.21999931,79.91000366,113.5500031,49.74000168,13.14999962,123.83,134.12,43.25,15.04
28/2/2020,345.11999510000004,122.97000120000001,84.75,62.56999969,16.75,149.75,170.3999939,59.63999939,19.55999947,45.15000153,86.30999756,21.09000015,73.86000061,105.6600037,73.02999878,19.79999924,179.4499969,87.33000183,24.80999947,39.59000015,21.29999924,56.25999832,326.0899963,282.64999389999997,129.5200043,20.60000038,106.65000149999999,44.93999863,17.82999992,107.9899979,80.18000031,75.37000275,235.75,64.09999847,463.3099976,46.29999924,83.33000183,144.96000669999998,24.52000046,112.6399994,23.51000023,141.97000119999998,173.25,27.02000046,79.30999756,105.0,51.99000168,13.23999977,128.06,134.03,42.74,15.16
2/3/2020,360.2799988,123.4400024,84.98999786,63.02000046,16.88999939,158.52999880000002,176.7599945,59.13000107,19.29000092,44.79000092,87.95999908,20.37999916,72.73999786,111.8600006,72.87999725,20.48999977,180.6100006,89.41000366,25.20000076,40.09999847,22.07999992,54.91999817,344.39999389999997,291.9599915,133.2200012,20.87000084,113.29000090000001,45.56000137,17.26000023,112.8600006,82.02999878,77.94000244,239.8899994,62.18000031,488.3999938999999,47.18000031,80.66999817,146.82000730000001,24.93000031,111.4800034,24.70000076,144.0500031,172.8899994,27.20999908,78.47000122,113.1100006,52.77999878,12.97999954,133.43,138.72,42.56,15.07
3/3/2020,348.3399963,119.9899979,80.88999939,61.34999847,15.89000034,150.5,169.36999509999998,56.47999954,19.31500053,43.40000153,85.80999756,19.81999969,67.66999817,108.3099976,72.5,20.25,175.22000119999998,88.73999786,24.40999985,38.15999985,22.07999992,53.74000168,329.63000489999996,282.2999878,129.5099945,20.02000046,107.40000149999999,43.45999908,16.79999924,109.7600021,79.94999695,75.97000122,225.89999390000003,61.31000137,476.9400024,45.52000046,78.83999634,145.72000119999998,24.20000076,105.3700027,25.5,141.5,166.5599976,26.92000008,71.05999756,117.47000120000001,51.33000183,12.31999969,131.34,135.13,42.08,14.5
4/3/2020,363.85000610000003,120.0199966,84.12999725,64.61000061,15.38000011,153.38000490000002,175.6900024,57.20000076,19.79999924,44.52500153,89.55000305,20.13999939,71.83000183,109.3000031,73.20999908,21.45000076,179.52999880000002,89.69000244,25.19000053,39.61000061,22.70000076,55.29000092,345.07000730000004,293.69000239999997,136.66000369999998,20.70000076,113.5100021,44.00999832,17.30999947,115.3000031,83.16000366,76.19999695,232.8399963,64.37999725,512.2299805,47.40000153,79.26000214,153.47000119999998,24.67000008,104.8799973,28.28000069,144.11999509999998,170.8899994,27.79999924,73.23000336,116.8000031,53.38999939,12.52000046,131.34,140.71,43.86,15.29
5/3/2020,351.0299988,120.47000120000001,80.51000214,63.56999969,15.01000023,151.91999819999998,169.6000061,55.91999817,19.34000015,47.29999924,88.59999847,18.97999954,71.86000061,106.83000179999999,73.56999969,22.09000015,172.22000119999998,88.98999786,23.63999939,38.47000122,23.35000038,54.84999847,329.32998660000004,282.26000980000003,132.2599945,19.79000092,113.40000149999999,42.24000168,16.20999908,112.1800003,82.23000336,72.62000275,225.5200043,64.25,498.2200012,46.50999832,76.31999969,152.21000669999998,23.5,105.9899979,27.86000061,146.53999330000002,165.3099976,28.38999939,73.0,125.0,53.36000061,12.05000019,129.05,137.18,43.9,15.04
6/3/2020,336.769989,117.3399963,77.09999847,62.72999954,14.68000031,141.33000180000002,164.08000180000002,51.95999908,19.40999985,43.61999893,84.01999664,17.77000046,64.13999939,109.27999879999999,71.97000122,18.98999977,165.6399994,91.16999817,22.47999954,36.43999863,22.77000046,53.74000168,317.23999019999997,267.7099915,124.7399979,19.59000015,111.75,40.86999893,15.47999954,110.8899994,78.87000275,69.75,216.6399994,63.75,472.0700073,43.20999908,73.08999634,144.3600006,23.68000031,101.76999659999998,26.81999969,146.25,158.67999269999999,26.42000008,71.55000305,114.3199997,49.38999939,11.48999977,125.97,136.25,41.16,14.41
9/3/2020,305.7900085,106.54000090000001,71.54000092,60.27999878,13.03999996,124.3199997,151.21000669999998,45.74000168,17.67000008,38.81999969,77.62999725,14.97000027,55.86000061,108.3600006,66.15000153,17.12999916,142.61999509999998,85.98999786,18.29000092,33.33000183,20.73999977,49.72999954,292.0899963,240.8399963,115.9100037,18.15999985,103.25,37.61000061,13.77999973,101.6299973,75.01000214,67.69999695,209.4799957,59.49000168,418.32000730000004,39.31000137,65.73000336,133.0,21.35000038,93.05000305,27.12000084,139.0,142.97000119999998,24.88999939,68.01999664,113.75,43.93999863,10.31000042,114.85,116.09,37.05,13.27
10/3/2020,332.38000489999996,107.22000120000001,77.94000244,61.56999969,12.93000031,128.8000031,161.33999630000002,46.90999985,17.38999939,38.0,79.81999969,14.25,58.0,109.9400024,70.0,17.29000092,147.57000730000001,84.41999817,21.29000092,33.93000031,21.11000061,48.95999908,312.7999878,239.4799957,116.02999879999999,19.27000046,108.95999909999999,40.68000031,14.06000042,109.7399979,77.41000366,69.23999786,213.86999509999998,60.20000076,450.33999630000005,42.13000107,67.23999786,135.58999630000002,21.61000061,92.61000061,28.60000038,146.3099976,150.3099976,25.05999947,72.20999908,108.4899979,47.00999832,11.02999973,119.21,120.9,36.34,13.91
11/3/2020,315.230011,98.09999847,73.15000153,61.65999985,12.22999954,120.8700027,154.57000730000001,42.84999847,16.15999985,35.56000137,75.0,12.28999996,52.79999924,111.04000090000001,67.26000214,15.27000046,137.3099976,82.12000275,19.85000038,32.04000092,20.59000015,45.04999924,290.63000489999996,220.67999269999996,108.9400024,18.10000038,103.29000090000001,38.47999954,12.68000031,103.9000015,74.40000153,67.30000305,199.33999630000002,58.25,422.3099976,38.40000153,62.43999863,130.5399933,20.51000023,87.01000214,26.75,144.38000490000002,142.02999880000002,23.62000084,65.69999695,110.3000031,42.88000107,9.960000037999999,114.75,114.98,33.89,13.4
12/3/2020,285.0,86.01000214,67.26999664,54.22999954,10.60000038,115.72000120000001,140.58999630000002,37.81999969,15.68999958,33.09999847,68.68000031,11.52000046,48.75999832,103.0500031,60.95000076,13.14000034,122.5100021,74.73999786,19.04999924,29.70000076,19.15999985,38.83000183,262.1199951,191.9799957,96.59999847,15.77000046,91.12000275,35.43999863,12.06999969,96.95999908,68.0,64.01000214,179.8099976,52.95000076,377.7799988,36.81000137,53.56999969,125.0100021,18.76000023,78.33999634,24.95000076,133.2100067,131.2899933,21.35000038,60.16999817,109.47000120000001,39.5,8.590000153,106.08,104.72,30.33,11.88
13/3/2020,335.5,101.11000059999999,72.97000122,53.11000061,10.93000031,120.8399963,147.77999880000002,39.54999924,18.35000038,35.25999832,77.31999969,12.71000004,51.52000046,107.90000149999999,63.34999847,14.0,134.41999819999998,76.33000183,20.40999985,33.5,19.05999947,44.24000168,287.67001339999996,226.61999509999998,105.0899963,15.60999966,97.48999786,38.56000137,11.56999969,110.15000149999999,71.34999847,65.05000305,174.6000061,54.79999924,390.89999389999997,38.31000137,57.77000046,127.9400024,20.44000053,79.98999786,24.90999985,138.3999939,137.7599945,19.59000015,64.43000031,107.47000120000001,41.88999939,7.690000057000001,107.29,112.5,29.8,13.36
16/3/2020,286.0299988,84.98999786,66.23999786,42.74000168,9.119999886,109.5699997,124.3000031,33.00999832,16.07999992,28.95999908,72.30999756,9.779999733,45.36999893,107.47000120000001,56.45000076,11.13000011,110.0100021,68.81999969,19.84000015,28.86000061,15.92000008,37.72999954,265.42999269999996,196.2700043,90.51000214,12.86999989,101.04000090000001,30.01000023,9.149999618999999,92.72000122,69.55000305,50.63000107,138.96000669999998,47.84999847,322.2900085,32.04999924,41.27000046,120.5699997,17.28000069,71.69999695,19.75,120.9300003,120.1900024,17.04000092,54.74000168,107.8600006,41.81999969,7.190000057000001,96.08,88.0,25.66,11.78
17/3/2020,311.80999760000003,109.9400024,67.65000153,42.38000107,9.229999542,137.1399994,135.41999819999998,38.00999832,16.80999947,34.11999893,70.94000244,10.64000034,45.75999832,116.5599976,65.45999908,13.64000034,111.5199966,73.08000183,19.60000038,30.47999954,18.69000053,36.09000015,287.42001339999996,216.75,92.63999939,14.93999958,111.5100021,32.54000092,8.619999886,97.87000275,74.38999939,61.20999908,163.25,46.09999847,355.0899963,36.59999847,44.72999954,124.3799973,18.14999962,77.62000275,17.45999908,132.9400024,124.0199966,19.89999962,60.86000061,111.09999850000001,46.86000061,7.889999866,109.11,91.46,25.31,11.47
18/3/2020,294.60998539999997,85.81999969,58.18999863,44.00999832,9.640000342999999,134.8899994,132.2400055,38.63000107,16.52000046,32.08000183,76.61000061,9.010000229,44.11999893,114.6900024,62.77000046,14.38000011,104.70999909999999,65.80000305,19.47999954,27.54999924,19.70000076,36.81999969,278.1600037,192.3899994,78.38999939,14.92000008,99.91999817,28.17000008,7.659999847000001,91.45999908,76.34999847,52.43000031,164.61999509999998,42.68999863,336.82998660000004,37.65999985,39.5,122.02999879999999,16.79000092,74.08999634,12.51000023,140.52999880000002,113.8700027,18.01000023,58.84000015,118.70999909999999,50.16999817,8.720000267,102.06,81.5,24.82,10.06
19/3/2020,307.51000980000003,92.08999634,57.88999939,48.97999954,11.64999962,142.38000490000002,139.46000669999998,41.74000168,17.81999969,33.09999847,75.87999725,9.159999847,48.16999817,103.5100021,62.79999924,17.0,117.0,66.0,19.93000031,29.22999954,20.69000053,40.41999817,277.6600037,197.5500031,81.87999725,18.43000031,98.87000275,29.88999939,9.409999847,93.69000244,78.83999634,56.45999908,184.2299957,44.63000107,332.5,40.36999893,40.0,121.5599976,18.18000031,82.5,15.73999977,147.6399994,126.7399979,21.01000023,62.18999863,123.7699966,51.80500031,8.399999618999999,113.95,102.14,29.6,10.6
20/3/2020,295.3399963,87.59999847,62.0,46.43999863,12.47999954,141.41999819999998,139.3500061,49.00999832,17.59000015,33.38000107,79.69999695,8.31000042,49.95999908,100.26999659999998,62.59000015,17.70999908,117.79000090000001,64.25,21.04999924,30.84000015,21.71999931,38.22000122,254.6999969,192.8099976,82.25,19.06999969,95.63999939,28.29000092,9.050000191,86.68000031,81.25,55.31000137,183.8600006,44.86999893,346.05999760000003,42.09999847,38.09000015,125.90000149999999,18.28000069,84.13999939,15.97999954,133.4499969,125.0,22.22999954,56.88000107,130.5500031,53.63999939,8.100000381000001,115.45,97.22,29.34,10.83
23/3/2020,307.269989,89.84999847,66.66000366,49.54999924,12.02999973,136.3899994,140.5200043,51.45000076,17.11000061,32.90000153,83.5,7.980000018999999,48.72999954,115.97000120000001,66.79000092,17.97999954,108.0199966,63.02999878,21.25,31.92000008,21.40999985,40.63999939,255.32000730000004,178.9400024,79.40000153,17.79000092,100.23000340000002,28.37999916,8.699999809,85.26000214,78.05999756,51.84999847,191.58999630000002,45.77999878,375.39001460000003,42.68000031,40.00999832,128.0899963,18.70000076,89.73999786,16.62000084,132.0,127.15000149999999,24.75,55.74000168,159.5599976,58.02999878,8.010000229,118.4,94.48,31.34,10.01
24/3/2020,310.0,103.83000179999999,74.12999725,50.18999863,12.28999996,139.7599945,153.6399994,57.33000183,18.79999924,34.49000168,85.0,9.390000342999999,55.0,122.5899963,71.0,18.68000031,129.3600006,66.45999908,22.05999947,33.84999847,22.40999985,46.72999954,272.0,201.61999509999998,87.37000275,18.03000069,105.25,31.61000061,11.01000023,97.29000092,81.55000305,56.59999847,205.08000180000002,50.20999908,430.0,43.52000046,46.31000137,138.1999969,20.12999916,97.52999878,18.79000092,144.92999269999999,132.3899994,25.95000076,64.48999786,135.17999269999999,62.13999939,8.5,123.97,107.1,34.91,11.17
25/3/2020,305.9100037,101.0550003,74.76000214,47.16999817,12.77000046,131.11999509999998,147.0599976,55.77999878,18.40999985,33.68999863,81.37000275,9.760000229,56.27999878,110.66999820000001,69.86000061,17.95000076,136.3600006,65.87999725,23.37000084,33.77000046,21.65999985,46.95000076,264.6700134,210.64999390000003,92.54000092,18.35000038,99.80999756,34.0,11.27999973,95.70999908,80.87999725,57.79000092,190.3600006,52.06999969,446.6000061000001,43.34000015,52.38999939,139.16000369999998,21.70000076,96.83000183,18.53000069,134.3099976,135.7299957,25.87999916,64.58000183,138.1100006,59.13000107,8.449999809,117.77,114.76,33.5,10.89
26/3/2020,322.67001339999996,106.0,78.55999756,54.65000153,13.85000038,142.72000119999998,154.7299957,58.63999939,18.92000008,34.29999924,83.66000366,10.48999977,56.40999985,112.6999969,74.23999786,18.05999947,141.8899994,69.70999908,22.84000015,35.38999939,21.60000038,49.72000122,294.730011,229.21000669999998,96.72000122,18.39999962,102.26999659999998,35.72000122,13.0,100.6299973,87.58000183,62.68000031,217.8000031,53.36000061,447.41000369999995,46.33000183,56.02999878,148.1999969,22.73999977,100.69000240000001,21.76000023,147.08999630000002,145.27999880000002,28.47999954,67.01000214,141.1499939,60.54999924,9.020000458,123.3,119.8,35.49,11.32
27/3/2020,305.82998660000004,104.95999909999999,79.48999786,52.81999969,13.42000008,146.47000119999998,146.0,58.79000092,17.75,34.54999924,82.56999969,10.52999973,53.61999893,108.9499969,73.52999878,18.20999908,131.7299957,67.26000214,21.72999954,35.75,21.95999908,49.36999893,274.0,208.9400024,92.04000092,16.29999924,104.97000120000001,32.77999878,12.60000038,93.48000336,84.13999939,58.90999985,238.9700012,53.88000107,421.61999510000004,43.5,53.34000015,142.25,22.39999962,96.62999725,21.97999954,145.5500031,136.21000669999998,28.57999992,64.84999847,151.6999969,58.63000107,8.090000153,121.05,106.26,35.31,10.98
30/3/2020,318.39001460000003,107.59999850000001,80.33999634,53.16999817,14.0,150.5200043,149.8500061,57.72000122,18.14999962,34.75,88.13999939,10.26000023,55.68999863,112.6900024,76.27999878,18.87000084,139.27999880000002,75.41000366,20.62000084,35.50999832,23.88999939,47.34000015,286.39001460000003,213.11999509999998,91.25,17.03000069,107.65000149999999,32.95999908,11.51000023,97.02999878,87.66000366,61.43999863,228.0299988,54.08000183,430.38000489999996,43.97000122,55.0,141.16000369999998,22.39999962,97.0,22.70999908,157.9400024,137.3000031,28.20999908,65.36000061,150.88000490000002,58.84000015,8.430000305,124.94,104.48,34.17,10.71
31/3/2020,318.23999019999997,110.9499969,74.59999847,52.61000061,14.03999996,139.7299957,143.9799957,55.68000031,18.10000038,35.97999954,92.40000153,9.93999958,55.81000137,106.3600006,76.45999908,18.97999954,133.1900024,74.84999847,20.04000092,35.29999924,23.47999954,46.24000168,286.57998660000004,202.0099945,88.31999969,17.28000069,102.5899963,30.26000023,10.97999954,95.73999786,86.98999786,59.06000137,211.9100037,52.93000031,416.92999269999996,41.50999832,52.38000107,137.2599945,21.86000061,89.48999786,21.21999931,156.36999509999998,130.2200012,26.84000015,64.01000214,146.11999509999998,60.86000061,8.050000191,122.26,100.82,32.33,10.19
1/4/2020,301.2099915,96.81999969,66.26000214,49.93999863,14.17000008,131.5899963,134.0599976,54.58000183,17.87999916,34.88000107,92.08999634,9.229999542,51.68999863,103.0100021,73.73999786,17.61000061,125.09999850000001,68.06999969,17.90999985,33.38000107,24.12000084,44.91999817,273.07000730000004,187.4400024,82.33000183,16.04000092,100.8399963,28.38999939,10.13000011,91.37999725,82.80000305,54.61999893,210.66999819999998,48.75999832,384.67001339999996,40.52999878,46.81000137,134.0500031,20.45999908,84.93000031,18.54999924,153.5099945,126.27999879999999,25.75,62.49000168,137.0,61.99000168,7.820000172,119.57,92.62,30.92,9.64
2/4/2020,303.9599915,90.22000122,65.56999969,49.79999924,14.71000004,132.6999969,134.32000730000001,56.68999863,18.22999954,34.59999847,84.04000092,8.770000458,48.59000015,103.2799988,75.55999756,18.04999924,116.8600006,69.48999786,17.25,32.38000107,23.05999947,45.38999939,259.0,181.2599945,79.90000153,15.89000034,101.5500031,28.20000076,9.5,93.51999664,85.54000092,55.95000076,220.0299988,51.38000107,346.2999878,39.34000015,45.88000107,129.0099945,20.46999931,83.31999969,19.29000092,156.16000369999998,122.3700027,24.26000023,58.93999863,121.9300003,61.18000031,8.25,115.99,93.85,31.06,9.09
3/4/2020,293.60998539999997,87.16999817,63.63000107,49.5,14.43000031,126.22000120000001,134.3099976,57.81999969,17.95999908,34.68999863,79.0,8.539999962000001,47.38999939,104.48000340000002,73.90000153,19.45000076,113.2600021,68.36000061,16.82999992,30.59000015,24.07999992,44.49000168,249.57000730000004,165.0099945,74.01999664,15.10999966,97.88999939,28.95999908,9.829999924,92.38999939,87.88999939,56.20999908,223.75999449999998,49.97000122,357.64999389999997,39.40000153,43.72000122,129.9600067,20.03000069,80.69000244,17.87999916,150.1100006,116.08000179999999,24.26000023,57.84000015,128.1999969,63.40000153,8.229999542,118.94,94.29,30.83,8.83
6/4/2020,319.13000489999996,91.80999756,71.0,52.0,15.34000015,140.63000490000002,147.5500031,59.06999969,18.05999947,36.27999878,90.15000153,9.350000381000001,52.59000015,106.3399963,77.97000122,20.57999992,122.47000120000001,71.34999847,17.98999977,32.25,23.63999939,47.18999863,269.9500122,181.8500061,82.37000275,17.26000023,110.1200027,32.93000031,11.05000019,101.66999820000001,91.12999725,61.59000015,223.10000609999997,53.40000153,392.64999389999997,44.52000046,50.41999817,136.8600006,21.51000023,86.66000366,19.89999962,156.8099976,130.3099976,24.30999947,61.08000183,122.9400024,63.31000137,8.779999733,128.12,103.58,33.08,10.31
7/4/2020,308.92999269999996,93.47000122,70.81999969,51.50999832,14.71000004,130.7599945,145.07000730000001,59.59999847,17.70000076,35.90000153,87.97000122,9.600000381000001,51.75999832,97.84999847,76.77999878,19.84000015,127.3700027,70.01999664,18.46999931,32.09999847,22.79999924,45.63999939,262.3500061,186.0200043,86.16999817,16.62999916,108.0500031,32.91999817,11.10999966,100.2799988,89.43000031,59.77000046,194.9900055,52.41999817,378.5400085,43.47000122,50.31000137,132.5200043,20.55999947,87.22000122,20.45000076,154.2599945,131.8000031,23.47999954,63.38000107,113.75,62.36000061,8.449999809,125.54,106.01,32.95,10.37
9/4/2020,318.7000122,98.51000214,73.72000122,54.41999817,15.43000031,135.5500031,154.5500031,58.15000153,18.05999947,36.95000076,90.62999725,11.72000027,54.0,98.05999756,78.34999847,20.75,141.8999939,74.69000244,20.0,33.09000015,21.18000031,51.52000046,278.05999760000003,221.99000550000002,101.0100021,18.38999939,116.6900024,35.77000046,12.34000015,105.8399963,100.6999969,66.33999634,205.1399994,56.15000153,417.73999019999997,44.63000107,59.20999908,137.9499969,22.28000069,95.33999634,22.51000023,162.1100006,145.41000369999998,24.70000076,68.70999908,124.5100021,62.59000015,9.119999886,130.96,114.46,34.54,11.67
13/4/2020,320.64999389999997,95.31999969,75.54000092,54.86000061,15.39999962,137.5,152.5,58.77000046,18.53000069,37.86999893,93.97000122,14.05000019,53.93000031,103.36000059999999,79.95999908,22.09000015,142.58999630000002,73.23999786,19.44000053,32.86999893,23.62000084,50.68000031,283.55999760000003,216.35000609999997,95.08999634,19.12000084,114.8600006,35.86000061,12.13000011,105.9800034,104.61000059999999,62.95000076,210.9799957,55.65000153,447.45001219999995,43.61000061,59.41999817,135.3000031,22.29999924,95.88999939,22.54999924,162.8500061,141.17999269999999,24.95999908,67.98000336,135.91999819999998,62.16999817,9.470000267,134.26,120.71,32.46,12.28
14/4/2020,340.769989,100.5699997,78.38999939,56.59000015,15.36999989,157.0,157.71000669999998,60.88999939,19.0,38.90999985,98.43000031,15.55000019,56.75,106.8399963,83.01000214,22.11000061,143.0200043,76.0,20.52000046,34.54000092,22.90999985,51.81000137,302.0899963,228.50999449999998,99.98000336,19.20000076,115.54000090000001,38.06999969,13.14000034,109.7850037,107.2399979,68.02999878,222.0299988,58.09000015,496.0599976,46.68999863,62.40999985,144.57000730000001,22.97999954,98.79000092,24.26000023,173.58999630000002,149.4499969,25.31999969,69.72000122,141.8899994,66.48000336,9.619999886,139.84,123.34,32.98,12.22
15/4/2020,332.5499878,104.5,79.58999634,57.11000061,15.35000038,158.8000031,155.63000490000002,61.81999969,18.95000076,38.74000168,100.5299988,14.98999977,58.06999969,111.45999909999999,85.98000336,21.94000053,134.9799957,75.16999817,19.10000038,33.70999908,23.88999939,50.02000046,295.92001339999996,226.39999390000003,97.08000183,19.38999939,114.3600006,37.66999817,13.27999973,107.9499969,105.5,66.13999939,231.44000240000003,56.97000122,497.17001339999996,48.00999832,61.38000107,143.63000490000002,22.20999908,100.8199997,23.48999977,174.67999269999999,146.07000730000001,28.03000069,68.84999847,151.5599976,69.95999908,9.75,142.47,118.41,32.51,11.84
16/4/2020,342.7000122,101.23000340000002,78.04000092,57.88999939,15.39999962,163.6999969,157.0599976,63.45000076,18.73500061,39.63999939,100.6800003,14.52999973,58.5,118.1999969,90.88999939,22.96999931,136.02999880000002,73.91000366,20.07999992,35.58000183,25.42000008,48.5,291.94000239999997,206.71000669999998,87.34999847,19.71999931,118.4800034,35.38000107,13.34000015,108.3099976,105.8099976,66.47000122,232.9700012,57.88999939,526.4299927000001,49.95999908,57.31999969,146.5099945,22.40999985,103.6299973,22.62000084,174.2299957,142.58000180000002,29.37999916,68.88999939,150.2599945,70.37000275,10.38000011,147.43,122.9,32.28,11.79
17/4/2020,344.10998539999997,106.8700027,84.36000061,58.65000153,15.48999977,166.0599976,162.61999509999998,64.73999786,19.18000031,40.40000153,100.3499985,14.31999969,61.36999893,119.8899994,92.30000305,23.19000053,146.08000180000002,74.63999939,21.44000053,35.68999863,24.82999992,51.47999954,299.5899963,224.99000550000002,94.88500214,20.90999985,119.04000090000001,36.75,14.39000034,111.84999850000001,106.1299973,68.73999786,236.50999449999998,60.65999985,590.3900146000001,50.56000137,61.09000015,152.25,23.61000061,107.8799973,23.96999931,181.11999509999998,149.3000031,28.10000038,73.18000031,150.0599976,68.0,9.850000381000001,148.09,126.24,33.51,12.27
20/4/2020,344.88000489999996,106.0,85.31999969,58.43999863,16.01000023,166.5200043,162.7599945,68.43000031,20.34000015,40.99000168,101.8000031,14.28999996,61.27999878,124.70999909999999,94.76000214,23.97999954,142.41000369999998,73.20999908,21.04000092,36.25,26.18000031,50.04999924,302.4599915,222.3600006,92.72000122,21.62000084,118.8700027,37.50999832,13.72999954,112.16999820000001,107.8399963,69.43000031,253.1100006,60.66999817,629.9000244,53.68000031,61.06000137,152.63000490000002,23.27000046,108.3700027,22.17000008,184.3999939,150.8999939,29.25,72.37000275,148.9900055,70.51000214,9.850000381000001,152.6,130.63,33.58,11.95
21/4/2020,328.98999019999997,99.38999939,81.48000336,55.93999863,15.80000019,157.4499969,150.5599976,66.06999969,19.65999985,40.0,99.33000183,14.21000004,58.56000137,117.3099976,93.66999817,22.14999962,134.83999630000002,71.47000122,20.56999969,35.02999878,23.94000053,47.58000183,288.769989,208.1999969,85.34999847,21.12999916,116.54000090000001,36.49000168,13.18999958,107.54000090000001,106.91999820000001,65.52999878,234.58000180000002,59.31999969,585.0,51.56999969,57.40000153,148.1999969,22.84000015,105.0,21.30999947,176.2400055,140.1499939,26.45999908,66.66000366,143.2700043,65.18000031,9.260000229,148.41,126.43,32.03,11.3
22/4/2020,336.769989,101.1500015,81.81999969,57.81999969,15.72000027,161.9400024,154.1399994,68.06999969,19.96999931,40.29000092,101.79000090000001,14.47000027,60.27999878,122.0500031,95.63999939,23.57999992,141.02999880000002,72.93000031,22.10000038,35.74000168,24.61000061,48.83000183,299.60998539999997,217.74000550000002,87.44000244,21.09000015,119.8899994,38.52000046,14.36999989,115.1900024,107.5500031,68.44000244,244.1600037,60.22999954,626.5599976,52.52000046,60.95999908,149.1999969,23.96999931,107.8899994,21.62999916,183.9499969,145.82000730000001,26.15999985,72.09999847,150.25,66.91000366,9.449999809,151.64,135.68,32.18,11.65
23/4/2020,335.36999510000004,103.5299988,82.34999847,58.72000122,15.92000008,159.86999509999998,151.72000119999998,68.91000366,19.83499908,40.15000153,102.19000240000001,14.68999958,59.99000168,120.27999879999999,96.05999756,22.51000023,139.77999880000002,75.26999664,21.73999977,36.59000015,23.72999954,50.33000183,297.30999760000003,211.66999819999998,86.91000366,21.45000076,118.7600021,38.86000061,14.31999969,115.2399979,106.1200027,68.51000214,238.9100037,59.43999863,620.4899902000001,49.04000092,61.81999969,149.3899994,23.85000038,107.5100021,21.11000061,184.6999969,143.6000061,26.53000069,71.62000275,169.08999630000002,66.23999786,9.569999695,152.01,132.66,33.32,11.72
24/4/2020,344.10000610000003,104.8899994,85.11000061,58.68000031,15.88000011,163.2700043,153.9799957,72.0,20.20499992,41.81000137,105.0699997,16.38999939,61.15000153,119.2600021,97.29000092,22.95000076,145.3500061,75.11000061,21.63999939,36.90000153,23.28000069,51.75999832,302.94000239999997,211.8000031,88.43000031,21.45999908,121.1999969,39.18000031,14.77000046,120.1800003,109.2600021,70.90000153,238.7299957,60.65000153,643.1900024,50.99000168,62.00999832,152.32000730000001,24.22999954,109.9499969,21.94000053,187.63000490000002,144.96000669999998,26.05999947,73.40000153,158.8000031,67.5,9.659999847,155.35,134.36,34.13,11.99
27/4/2020,348.5,103.01999659999998,87.76000214,60.04999924,16.43000031,168.8899994,157.63000490000002,73.59999847,20.79999924,43.22999954,108.25,17.53000069,62.18999863,120.3000031,97.76000214,23.70000076,151.9900055,77.01000214,21.98999977,38.31000137,24.46999931,52.24000168,308.60000610000003,226.10000609999997,92.87999725,22.15999985,122.79000090000001,40.13999939,16.07999992,120.52999879999999,108.3099976,74.54000092,233.4499969,62.91999817,628.5800171,53.25999832,63.54999924,151.86999509999998,24.81999969,109.41999820000001,23.02000046,185.58999630000002,148.1000061,27.30999947,73.73999786,164.6000061,70.47000122,10.36999989,151.94,132.5,34.82,12.29
28/4/2020,333.4500122,100.8199997,87.18000031,57.34999847,16.15999985,160.9900055,154.46000669999998,70.12999725,20.54999924,43.59999847,103.94000240000001,17.68000031,60.70000076,116.27999879999999,96.22000122,22.61000061,155.0099945,77.01000214,20.97999954,38.72000122,23.46999931,51.77999878,296.0,236.69000240000003,100.01999659999998,21.29000092,119.5599976,38.93000031,15.64999962,116.1399994,104.8000031,74.13999939,223.3899994,62.77999878,633.6500244,51.88000107,61.75,148.6100006,24.70000076,104.5899963,21.93000031,182.7400055,145.07000730000001,26.87999916,71.91000366,156.72000119999998,66.72000122,10.43000031,147.66,127.85,35.95,12.1
29/4/2020,349.17001339999996,109.79000090000001,89.08000183,59.5,16.35000038,168.3000031,160.42999269999999,69.27999878,20.97999954,44.65000153,103.4000015,19.34000015,63.61000061,112.52999879999999,94.11000061,22.38999939,169.66000369999998,83.05000305,22.10000038,39.88999939,23.78000069,53.5,321.98999019999997,270.0,112.75,21.5,122.9100037,41.56999969,16.98999977,123.58000179999999,104.8399963,81.19999695,225.2799988,64.76000214,639.9899902000001,53.09999847,65.76999664,152.7299957,26.31999969,111.3000031,23.57999992,188.5500031,154.7700043,27.06999969,75.87000275,146.4799957,66.62999725,10.89000034,149.56,134.24,37.38,12.88
30/4/2020,353.64001460000003,109.8600006,89.37000275,60.74000168,16.13999939,176.08999630000002,161.9499969,67.66000366,21.02000046,45.11999893,104.75,19.45000076,64.13999939,111.3799973,92.66999817,21.64999962,168.63000490000002,80.63999939,21.47999954,40.90000153,23.55999947,53.68999863,351.5400085,261.019989,114.52999879999999,21.11000061,121.7300034,40.86000061,16.44000053,123.0,105.4400024,79.72000122,228.5299988,64.48999786,632.289978,52.72000122,65.13999939,155.4900055,26.05999947,112.3000031,23.75,190.8000031,153.8999939,26.69000053,76.87999725,135.16999819999998,67.08000183,10.56999969,151.3,130.81,38.35,12.8
1/5/2020,343.8399963,107.8000031,88.22000122,59.65999985,15.31000042,171.2400055,156.36999509999998,69.20999908,19.60000038,44.97999954,103.51999659999998,17.43000031,62.13999939,108.8000031,91.83000183,21.53000069,160.5599976,76.26000214,20.37000084,40.09999847,22.84000015,50.27999878,339.51000980000003,241.6600037,107.1399994,20.72999954,118.4899979,39.06000137,15.51000023,120.6100006,99.86000061,78.06999969,218.10000609999997,62.25999832,613.6400146000001,52.27000046,63.0,154.58999630000002,24.95999908,107.9800034,23.83499908,187.7700043,146.66000369999998,26.37999916,72.55000305,138.5599976,66.84999847,10.22999954,148.84,124.18,35.89,12.14
4/5/2020,349.10998539999997,105.2600021,88.62999725,57.15999985,15.25,177.21000669999998,161.47000119999998,73.43000031,19.87999916,45.83000183,107.08000179999999,18.20999908,63.08000183,110.16999820000001,95.87999725,22.01000023,159.9400024,75.75,20.62000084,39.43999863,23.67000008,51.90000153,354.64001460000003,248.11999509999998,108.95999909999999,20.79999924,118.1299973,39.47000122,15.03999996,123.6600037,101.2399979,77.43000031,233.99000550000002,62.27999878,658.8900146000001,53.52999878,63.68999863,163.13000490000002,25.54000092,113.25,25.39999962,189.1399994,148.47000119999998,27.20000076,73.13999939,143.4400024,69.08000183,10.21000004,154.69,125.69,37.73,12.56
5/5/2020,356.13000489999996,111.5,90.36000061,61.04999924,15.72000027,189.7299957,163.25,71.58999634,20.03499985,46.59999847,109.34999850000001,19.21999931,63.68000031,112.8600006,96.01999664,22.73999977,171.41999819999998,78.04000092,21.15999985,40.47000122,24.51000023,53.02999878,370.64001460000003,256.980011,112.7699966,21.29999924,121.8600006,39.59999847,15.98999977,125.4300003,102.58000179999999,79.73999786,234.16999819999998,63.25,686.1099853999999,54.56999969,66.69000244,169.58000180000002,26.12000084,116.5699997,27.70999908,192.8600006,152.17999269999999,27.29000092,75.33000183,144.82000730000001,71.23000336,10.02999973,158.73,132.35,37.99,12.73
6/5/2020,362.519989,117.8199997,93.11000061,61.5,15.94999981,190.9900055,163.66999819999998,72.44000244,20.34499931,46.56000137,115.4899979,18.81999969,65.54000092,139.66000369999998,105.09999850000001,23.04999924,175.21000669999998,77.16999817,21.46999931,40.43000031,24.95000076,54.02000046,365.39001460000003,255.03999330000002,114.5699997,22.09000015,123.0599976,40.36999893,17.32999992,128.3099976,105.4100037,82.01999664,245.03999330000002,62.79999924,733.5300292999999,54.61999893,68.09999847,172.91999819999998,27.05999947,122.40000149999999,27.77499962,192.96000669999998,152.27999880000002,27.62999916,73.29000092,149.58999630000002,72.54000092,10.46000004,164.43,143.72,39.75,13.12
7/5/2020,366.7799988,124.0699997,101.7600021,63.59999847,16.86000061,193.7299957,169.8999939,75.48999786,21.88999939,49.61000061,117.6999969,20.20000076,70.56999969,148.3099976,103.86000059999999,33.58000183,188.52999880000002,79.04000092,22.67000008,43.59000015,29.52000046,57.65999985,381.82998660000004,268.82000730000004,121.47000120000001,24.09000015,132.3999939,41.59999847,18.32999992,146.28999330000002,111.25,84.43000031,259.7000122,64.98999786,722.7600097999999,55.90999985,74.62000275,179.77999880000002,28.01000023,170.8899994,28.61000061,191.25,160.66000369999998,29.95000076,78.52999878,157.8000031,74.87999725,10.98999977,170.29,149.9,40.78,13.75
11/5/2020,371.42001339999996,126.8899994,102.5500031,64.80000305,17.34000015,209.3099976,182.66999819999998,76.23000336,22.94000053,55.68999863,120.65000149999999,20.07999992,71.62000275,155.1000061,105.1800003,34.31999969,183.53999330000002,81.33000183,23.85000038,41.72000122,28.12000084,60.08000183,383.64999389999997,274.2900085,120.91999820000001,24.90999985,123.5100021,43.52000046,18.52000046,143.96000669999998,106.5199966,81.44000244,275.0299988,66.38999939,750.3400268999999,56.95999908,74.90000153,176.6000061,29.29000092,186.6100006,31.34000015,197.66000369999998,166.58000180000002,31.26000023,78.73999786,166.4799957,76.95999908,11.52999973,174.33,165.83,42.46,14.68
12/5/2020,365.10000610000003,120.47000120000001,97.62000275,63.31999969,16.89999962,209.71000669999998,177.53999330000002,76.15000153,22.12999916,68.86000061,120.2600021,20.69000053,70.62000275,160.77999880000002,104.2799988,37.09999847,179.25,72.11000061,23.26000023,40.0,28.79000092,59.02999878,365.60000610000003,263.4500122,115.3399963,24.85000038,118.9800034,42.74000168,17.72999954,141.02999880000002,104.80999759999999,78.72000122,278.7999878,65.93000031,742.2800292999999,52.70999908,75.20999908,176.0,28.63999939,190.28999330000002,30.22999954,197.36999509999998,159.7299957,31.01000023,76.41999817,161.03999330000002,76.44999695,11.48999977,173.65,165.58,40.12,14.07
13/5/2020,358.55999760000003,118.47000120000001,99.29000092,61.45999908,16.87000084,205.38000490000002,169.6399994,76.56999969,21.52000046,69.98999786,119.0699997,20.0,69.15000153,158.9499969,100.83000179999999,36.54999924,175.91999819999998,70.83999634,23.61000061,37.88999939,27.87000084,56.54000092,361.2900085,243.30999759999997,110.4800034,24.17000008,115.09999850000001,40.40999985,17.96999931,143.7299957,101.76999659999998,78.16000366,283.0,64.55000305,754.3800049,52.06999969,73.79000092,175.7599945,28.21999931,187.41999819999998,32.56999969,195.1499939,153.7599945,30.20000076,73.08999634,167.1399994,75.16000366,10.81999969,177.36,166.2,39.18,13.3
14/5/2020,355.39001460000003,117.7399979,97.62000275,61.18999863,16.98999977,210.25,167.0,77.13999939,21.5,65.19000244,122.0100021,20.55999947,69.83999634,157.5200043,103.08000179999999,36.81000137,181.02999880000002,71.62000275,23.37000084,37.34000015,28.02000046,58.27999878,367.82998660000004,252.80999759999997,111.0599976,25.27000046,116.6399994,41.18000031,18.79000092,144.41000369999998,104.5899963,82.19000244,271.5499878,64.84999847,754.289978,52.09999847,78.19999695,179.78999330000002,29.15999985,191.8600006,32.40999985,196.02999880000002,155.2299957,31.65999985,73.76000214,167.91000369999998,75.62000275,10.30000019,177.32,189.59,40.38,13.2
15/5/2020,365.2999878,124.1399994,102.98000340000002,64.26999664,17.17000008,212.6100006,171.33000180000002,77.13999939,22.37000084,67.16000366,125.8799973,22.28000069,70.65000153,158.8000031,106.20999909999999,39.5,183.61999509999998,72.36000061,24.67000008,36.74000168,29.48999977,63.88999939,370.4599915,261.67999269999996,113.5899963,25.71999931,115.6100006,43.11000061,19.04999924,145.5099945,105.8099976,80.08000183,285.85000610000003,64.23000336,767.0,52.86999893,80.26000214,186.5,29.04999924,189.22000119999998,34.38999939,200.42999269999999,154.3000031,31.32999992,74.55000305,174.83000180000002,76.38999939,10.57999992,181.6,201.78,40.58,13.54
18/5/2020,367.9700012,132.7100067,101.1999969,64.41000366,17.26000023,209.89999390000003,172.5,76.09999847,21.59000015,67.41000366,122.91999820000001,23.26000023,71.5,154.83999630000002,103.6500015,39.04999924,188.0200043,73.91000366,25.84000015,37.11999893,28.06999969,62.40000153,374.86999510000004,283.89999389999997,119.0,24.81999969,114.1200027,44.68000031,18.56999969,146.2400055,108.75,83.13999939,263.0599976,65.09999847,738.0200195,53.79000092,76.62999725,182.16000369999998,29.39999962,183.3899994,34.27999878,197.16999819999998,150.5599976,29.0,76.0,164.6900024,73.80999756,10.85000038,179.43,193.76,41.12,14.01
19/5/2020,372.2000122,128.7400055,105.3600006,66.58999634,17.09000015,212.74000550000002,176.03999330000002,78.55000305,21.75,70.05999756,127.22000120000001,24.17000008,73.91000366,152.1900024,103.8000031,40.15999985,188.66000369999998,73.51999664,27.0,36.59999847,28.04000092,62.81999969,382.88000489999996,279.69000239999997,120.8399963,25.87000084,113.97000120000001,46.25999832,18.77000046,145.3899994,109.3600006,79.94999695,263.17999269999996,61.65000153,753.0100097999999,55.63000107,79.25,181.27999880000002,29.35000038,183.2400055,34.22999954,196.03999330000002,157.41999819999998,29.69000053,77.87000275,173.67999269999999,75.23999786,10.86999989,180.78,191.68,40.43,14.07
20/5/2020,383.63000489999996,133.5700073,103.80999759999999,67.51999664,17.84000015,213.86999509999998,176.92999269999999,80.97000122,22.22500038,70.69999695,128.7700043,24.90999985,75.47000122,147.28999330000002,103.6500015,42.54000092,190.8600006,75.19000244,26.72999954,38.95000076,27.54999924,62.18000031,390.1600037,273.4700012,120.20999909999999,26.54000092,115.6800003,47.97000122,20.17499924,150.9400024,111.41999820000001,79.83000183,264.3599854,63.31999969,778.0,55.93999863,82.04000092,183.83999630000002,29.64999962,191.91000369999998,35.72999954,202.16999819999998,159.53999330000002,31.35000038,81.16000366,175.4799957,77.05999756,11.38000011,187.7,202.97,41.47,14.7
21/5/2020,382.17001339999996,136.07000730000001,102.4700012,67.65000153,17.88999939,212.5500031,175.2599945,80.59999847,22.12999916,69.88999939,132.8500061,24.45999908,76.44999695,144.21000669999998,103.3399963,44.25,190.4499969,75.41999817,26.73999977,39.38000107,28.04000092,61.95000076,383.64001460000003,274.2799988,121.1900024,26.70999908,112.22000120000001,48.95000076,20.29999924,148.22000119999998,109.59999850000001,80.16000366,260.5499878,64.19000244,802.3499756,55.97000122,81.48999786,180.25,29.0,194.0,35.41999817,197.47000119999998,163.83000180000002,31.63999939,80.18000031,172.02999880000002,75.62999725,11.35000038,187.74,206.81,41.44,14.34
22/5/2020,385.26000980000003,139.6100006,107.0199966,69.5,19.09000015,227.4799957,177.8500061,82.22000122,21.66500092,73.04000092,133.0,25.01000023,83.47000122,144.4900055,104.70999909999999,41.08000183,194.28999330000002,76.61000061,26.96999931,39.61999893,28.26000023,63.81000137,387.9599915,269.35000610000003,117.84999850000001,27.87999916,112.3199997,51.06000137,21.59000015,150.8600006,112.0,81.83999634,261.5299988,66.01999664,825.1699829,56.56000137,81.48999786,182.6000061,29.20000076,208.61999509999998,36.79000092,202.96000669999998,168.1499939,31.70999908,81.93000031,171.0599976,76.94000244,12.06000042,192.49,215.21,42.24,14.79
26/5/2020,376.63000489999996,155.8000031,102.0,69.84999847,19.52000046,217.7799988,176.5200043,79.34999847,22.89999962,71.0,128.9499969,25.43000031,84.94999695,135.52999880000002,95.87999725,39.31000137,190.3000031,78.51000214,27.87999916,38.93999863,28.09000015,65.86000061,380.67001339999996,280.2999878,122.4899979,26.62000084,111.5500031,47.15000153,20.86000061,147.0,117.3199997,82.68000031,251.10000609999997,65.41999817,767.8900146000001,56.5,80.79000092,173.0599976,30.28000069,196.3999939,35.72000122,195.11999509999998,168.33999630000002,32.40999985,81.20999908,164.0,76.51999664,11.86999989,184.17,209.76,42.25,15.25
27/5/2020,375.17001339999996,150.33000180000002,94.08000183,69.90000153,19.63999939,210.71000669999998,176.6000061,77.98999786,22.80999947,66.81999969,126.54000090000001,25.12999916,80.62999725,138.33999630000002,98.61000061,39.41999817,193.7400055,80.33999634,27.96999931,39.38999939,28.19000053,66.04000092,371.1600037,287.05999760000003,126.8700027,24.69000053,110.97000120000001,45.06000137,20.70999908,145.96000669999998,112.79000090000001,83.55000305,251.9700012,67.19000244,750.0,53.84000015,81.01999664,175.3099976,30.26000023,192.3500061,34.88999939,191.9900055,170.38000490000002,32.11000061,78.80999756,161.97000119999998,74.52999878,11.65999985,179.42,205.96,43.31,16.31
28/5/2020,379.82998660000004,153.6999969,99.27999878,72.19999695,19.48999977,217.0200043,181.1000061,79.5,22.59000015,67.12999725,127.8000031,24.39999962,81.69999695,136.7299957,100.9000015,40.59999847,192.1900024,78.33999634,27.32999992,40.54999924,28.10000038,65.47000122,377.980011,287.2099915,125.5,24.96999931,113.5699997,45.06999969,20.48999977,148.78999330000002,111.6600037,82.76000214,259.51000980000003,66.34999847,744.4299927000001,54.38000107,79.62000275,178.32000730000001,29.95000076,191.3999939,35.55500031,204.1999969,182.5599976,32.54000092,84.37999725,163.5500031,75.80000305,11.23999977,183.92,207.4,43.56,15.32
29/5/2020,386.60000610000003,158.5099945,107.0599976,74.30000305,19.97999954,227.50999449999998,174.78999330000002,87.80999756,22.56999969,71.26999664,139.7400055,25.31999969,85.91999817,146.2599945,104.1999969,43.13999939,199.9400024,78.30000305,28.28000069,41.77999878,29.06999969,66.15000153,387.92999269999996,297.230011,130.00500490000002,26.54999924,116.2699966,45.91999817,20.82999992,155.0099945,115.3199997,82.62000275,274.25,67.81999969,757.7999877999999,57.65999985,81.08000183,185.3000031,31.27000046,197.6000061,36.47000122,218.86999509999998,183.42999269999999,35.04999924,85.75,179.4799957,98.08999634,12.01000023,195.58,222.33,44.54,15.79
1/6/2020,389.67999269999996,162.0,109.4899979,77.44000244,19.37000084,233.96000669999998,176.3600006,94.83999634,23.54000092,69.48999786,147.22000119999998,28.60000038,89.66000366,150.8500061,107.2300034,47.25999832,213.2200012,79.36000061,29.89999962,43.38999939,30.04999924,67.97000122,383.36999510000004,305.60998539999997,134.83999630000002,28.01000023,118.5100021,45.91999817,21.35000038,154.52999880000002,117.9300003,84.16999817,279.35998539999997,68.62000275,758.0,59.31999969,82.72000122,188.32000730000001,32.06000137,199.0,36.63000107,218.96000669999998,177.96000669999998,37.18000031,87.55999756,204.1499939,109.9800034,12.26000023,204.78,220.97,45.02,16.65
2/6/2020,390.44000239999997,167.9499969,110.3700027,77.76999664,19.76000023,230.08000180000002,174.2299957,92.25,23.27000046,70.80999756,147.67999269999999,28.27000046,88.73999786,147.9799957,107.0699997,47.84000015,211.9100037,80.0,29.60000038,43.77999878,30.20000076,69.19999695,392.89999389999997,306.8399963,136.66999819999998,27.79000092,117.1800003,45.61999893,20.86000061,157.4900055,113.8399963,84.30999756,273.9599915,68.01999664,779.5,58.33000183,88.0,183.66999819999998,30.30999947,201.66999819999998,34.75,219.6100006,178.83000180000002,38.38000107,87.44000244,208.08000180000002,106.16999820000001,12.02999973,199.73,228.19,44.45,16.54
3/6/2020,389.92001339999996,172.58999630000002,109.15000149999999,79.0,19.03000069,224.21000669999998,174.9900055,98.09999847,23.54999924,72.88999939,147.4499969,31.13999939,89.26999664,143.4799957,100.8199997,48.06999969,210.1600037,81.19000244,26.01000023,44.43000031,29.37999916,70.33999634,388.0899963,306.980011,139.91000369999998,28.31999969,116.65000149999999,45.40999985,20.76000023,156.77999880000002,114.29000090000001,85.05000305,270.92999269999996,68.84999847,762.0200195,59.08000183,91.97000122,183.46000669999998,30.37999916,200.8000031,34.63000107,215.24000550000002,181.71000669999998,39.90000153,86.04000092,223.86999509999998,107.4100037,12.59000015,195.21,227.82,44.18,17.63
4/6/2020,385.7999878,170.4900055,101.4700012,74.86000061,18.71999931,218.0500031,171.4400024,95.98000336,23.28000069,71.76000214,140.0599976,29.05999947,85.84999847,130.25,94.72000122,47.38999939,207.16999819999998,79.05999756,24.45999908,43.38000107,28.46999931,67.86000061,376.9500122,303.17001339999996,132.4600067,26.92000008,112.8600006,43.65999985,20.64999962,154.6000061,110.9100037,82.48999786,254.05999759999997,67.33000183,735.1900024,45.5,87.72000122,172.1000061,29.92000008,193.0500031,33.34999847,206.1999969,175.3000031,37.93999863,82.55000305,210.35000609999997,103.0500031,12.68000031,186.29,219.75,43.29,16.67
5/6/2020,392.89999389999997,173.1000061,99.09999847,75.0,18.30999947,216.94000240000003,173.88000490000002,93.93000031,21.97999954,70.66000366,139.6399994,32.18999863,86.90000153,123.8899994,97.23999786,45.09000015,211.75999449999998,81.05000305,24.54999924,43.20999908,29.13999939,66.93000031,390.4599915,329.7799988,138.4799957,26.27000046,109.27999879999999,43.95000076,21.01000023,156.0,108.54000090000001,84.09999847,252.88000490000002,67.38999939,727.7700195,44.54000092,89.93000031,174.2599945,29.60000038,196.71000669999998,33.15999985,202.8000031,178.66999819999998,32.56000137,82.73000336,207.6000061,99.30999756,12.75,180.6,213.29,43.26,16.31
9/6/2020,397.1600037,162.2700043,100.9000015,76.19000244,19.30999947,224.5899963,174.5599976,93.90000153,21.93000031,73.73999786,141.91999819999998,29.95999908,81.94999695,131.9600067,96.06999969,45.52000046,208.2599945,81.08000183,27.37999916,42.88999939,28.71999931,69.31999969,388.82998660000004,327.60000610000003,135.6000061,26.72999954,116.47000120000001,46.29000092,20.03000069,156.8600006,107.3799973,83.69999695,258.42999269999996,67.76000214,741.7000122000001,45.68000031,89.52999878,173.53999330000002,29.67000008,194.2700043,35.13000107,213.5500031,179.7599945,31.31999969,86.01000214,205.42999269999999,103.5899963,12.42000008,180.07,215.87,43.41,15.6
10/6/2020,406.82000730000004,161.5599976,102.26999659999998,78.31999969,19.23999977,223.74000550000002,182.1000061,97.22000122,21.97999954,78.26000214,148.0500031,30.75,81.98999786,135.72000119999998,100.63999940000001,47.86000061,210.94000240000003,81.06999969,26.80999947,44.11000061,29.39999962,70.77999878,401.6600037,331.5,134.97000119999998,26.46999931,114.0899963,47.59999847,19.45000076,159.91000369999998,108.0100021,81.69000244,274.9599915,66.54000092,743.6400146000001,45.25,91.91000366,180.02999880000002,29.46999931,203.08000180000002,34.99000168,226.5500031,183.0500031,32.47000122,88.75,221.0200043,105.72000120000001,12.80000019,181.45,221.58,45.57,16.17
11/6/2020,387.67001339999996,150.2299957,99.65000153,74.44999695,17.97999954,217.9700012,172.0500031,95.04000092,20.42000008,76.05000305,148.8999939,27.88999939,79.09999847,129.7799988,101.2200012,45.81999969,200.8600006,76.31999969,25.54999924,41.79000092,28.5,67.47000122,375.0499878,295.67999269999996,124.4400024,24.35000038,107.7600021,43.02999878,17.98999977,153.03999330000002,102.2799988,78.84999847,257.1700134,63.72999954,725.1199951,45.0,86.08999634,173.5,28.78000069,188.41999819999998,31.80999947,213.64999390000003,173.5,30.34000015,79.73000336,222.07000730000004,102.6800003,11.78999996,178.87,215.91,43.54,15.13
12/6/2020,406.5400085,154.1900024,105.9499969,72.83000183,18.26000023,224.00999449999998,175.1100006,93.12000275,21.03000069,78.05000305,150.6000061,31.07999992,83.48999786,128.3999939,100.91999820000001,46.81999969,204.4900055,74.93000031,26.01000023,42.75999832,28.81999969,68.66000366,385.13000489999996,302.7999878,128.0599976,24.77000046,107.3000031,44.81000137,17.95000076,155.2599945,103.11000059999999,78.45999908,261.8800049,64.43000031,742.5800171,46.36999893,86.72000122,171.61999509999998,29.37999916,191.8899994,32.83000183,216.67999269999996,173.5500031,30.86000061,80.11000061,219.5200043,102.4700012,12.42000008,179.24,216.06,45.4,15.49
15/6/2020,401.3399963,157.58999630000002,113.34999850000001,75.94000244,18.45999908,238.3899994,178.6100006,99.01999664,21.52000046,81.51999664,162.6900024,28.56999969,86.20999908,136.08000180000002,103.58000179999999,51.97999954,208.83999630000002,74.18000031,27.0,42.43999863,30.97999954,67.23999786,392.5,307.7200012,131.86999509999998,27.09000015,109.04000090000001,46.06999969,17.27000046,157.5500031,101.61000059999999,78.43000031,270.25,65.65000153,805.4699707000001,47.09999847,91.0,170.7299957,29.26000023,203.3000031,33.52000046,222.3600006,178.0,30.87000084,80.22000122,239.0200043,104.51999659999998,13.5,187.45,221.2,46.3,15.95
16/6/2020,411.67001339999996,158.3600006,116.7399979,77.37999725,18.96999931,247.75,180.4799957,101.04000090000001,22.54999924,81.98999786,163.0500031,30.95999908,87.26000214,133.9400024,104.13999940000001,53.56000137,215.05999759999997,75.05999756,26.87999916,43.95000076,31.64999962,70.45999908,398.4599915,312.64001460000003,136.25,29.21999931,110.0899963,46.38999939,18.25,161.22000119999998,102.5999985,80.18000031,277.4100037,67.22000122,805.7600097999999,49.31000137,94.73999786,172.5099945,29.45999908,209.6900024,35.27999878,223.80999759999997,181.1399994,32.36000061,82.51999664,242.55999759999997,102.80999759999999,13.31999969,188.1,221.38,48.18,16.69
17/6/2020,413.48999019999997,157.6399994,119.58000179999999,78.55999756,19.12999916,252.6100006,181.3999939,98.69000244,22.70999908,83.04000092,161.71000669999998,30.37000084,87.73000336,134.2700043,103.51999659999998,58.25,212.6100006,73.54000092,27.23999977,44.11000061,35.79999924,67.77999878,400.64999389999997,309.019989,134.38000490000002,28.79999924,109.72000120000001,47.13000107,17.40999985,163.83000180000002,103.1999969,79.69000244,272.57000730000004,67.44999695,817.3599853999999,49.95000076,97.02999878,176.71000669999998,29.72999954,211.2799988,35.29000092,228.9799957,182.5599976,32.40000153,82.31999969,236.75999449999998,106.1800003,13.42000008,194.32,228.37,47.5,16.45
18/6/2020,420.4599915,157.5200043,124.0100021,80.08000183,19.29999924,259.8099976,187.66000369999998,101.61000059999999,23.0,86.65000153,162.3000031,32.25,89.51000214,135.8600006,103.05999759999999,62.13999939,212.91999819999998,71.54000092,26.38999939,43.84000015,36.72999954,67.79000092,401.0299988,316.2999878,143.91000369999998,31.0,106.9300003,47.63999939,17.29999924,168.0500031,101.1600037,81.30999756,284.94000239999997,67.44000244,863.5599976,50.88999939,98.26999664,177.63000490000002,30.18000031,215.28999330000002,35.40999985,228.0,187.8099976,34.22000122,82.72000122,241.57000730000004,113.0500031,13.52000046,196.31,231.88,49.6,16.94
19/6/2020,428.01000980000003,159.38000490000002,124.4499969,79.65000153,19.79000092,258.8599854,186.9499969,101.08000179999999,23.29999924,86.79000092,161.41999819999998,30.05999947,90.66999817,130.11999509999998,100.79000090000001,63.68999863,219.9799957,75.13999939,27.12999916,43.20000076,36.0,69.76999664,399.86999510000004,318.1600037,142.1999969,30.57999992,109.8799973,47.52000046,17.70999908,164.3600006,100.4000015,80.54000092,276.17001339999996,66.97000122,881.0,49.90000153,97.98000336,172.6399994,29.80999947,210.28999330000002,35.47999954,226.66999819999998,183.5599976,33.13000107,81.25,243.4799957,108.5699997,13.01000023,198.19,236.85,50.95,16.31
22/6/2020,438.6400146000001,163.72000119999998,126.5699997,82.11000061,22.05999947,262.2000122,191.6499939,105.0199966,23.51000023,89.01000214,168.3000031,31.88999939,93.47000122,134.28999330000002,108.6299973,73.26999664,223.88000490000002,73.84999847,27.80999947,43.47999954,37.0,72.58000183,402.82000730000004,322.6600037,144.38000490000002,30.82999992,109.1900024,47.72000122,18.45999908,170.2599945,103.16999820000001,83.66000366,287.67001339999996,67.81999969,904.8099976,52.86999893,104.2200012,184.5599976,30.65999985,216.25,37.06999969,238.91999819999998,184.9400024,34.20999908,84.94999695,251.2700043,109.66999820000001,13.51000023,199.19,243.85,51.6,16.8
23/6/2020,440.54998780000005,162.8899994,127.9300003,82.12999725,20.79000092,262.4700012,189.0599976,104.26999659999998,23.64999962,89.69000244,166.8000031,31.11000061,92.86000061,140.5,106.52999879999999,75.90000153,226.03999330000002,72.98999786,27.94000053,43.40999985,35.40000153,72.40000153,400.94000239999997,329.64001460000003,146.33000180000002,29.38999939,106.8700027,47.04000092,17.98999977,172.78999330000002,103.19000240000001,82.11000061,278.480011,67.84999847,911.3400268999999,53.22999954,104.75,182.33000180000002,30.09000015,215.25,36.56999969,239.10000609999997,185.33999630000002,34.04000092,85.18000031,252.80999759999997,110.3099976,13.34000015,195.62,243.32,52.66,17.76
24/6/2020,431.6799927,158.78999330000002,131.13000490000002,80.91999817,20.32999992,257.9100037,185.5500031,103.6999969,22.63999939,88.5,163.91000369999998,30.52000046,91.15000153,134.33000180000002,103.63999940000001,76.06999969,219.0899963,69.59999847,26.54999924,44.02000046,35.0,69.87000275,392.92999269999996,312.57000730000004,142.7599945,28.86000061,106.1100006,43.79999924,17.07999992,168.0,102.4300003,83.88999939,267.5799866,65.36000061,897.0,52.79999924,100.8799973,176.82000730000001,30.17000008,212.16999819999998,35.61999893,234.30999759999997,180.07000730000001,31.96999931,81.76000214,255.89999390000003,108.2600021,12.78999996,195.82,241.28,52.74,16.53
25/6/2020,436.95001219999995,161.2299957,137.58999630000002,84.22000122,20.95000076,274.230011,188.33999630000002,105.70999909999999,22.15999985,89.59999847,168.3999939,31.64999962,92.97000122,137.58000180000002,106.97000120000001,81.66999817,221.75,70.01000214,27.5,43.22999954,36.0,69.5,401.64001460000003,317.0400085,143.1100006,28.95000076,107.3600006,43.90999985,17.29999924,172.5,102.79000090000001,86.70999908,279.480011,65.72000122,916.3200072999999,53.97000122,104.7799988,180.3600006,30.85000038,216.5200043,35.81000137,236.82000730000004,186.2599945,32.81999969,84.76000214,259.51000980000003,111.6100006,13.13000011,204.22,253.7,55.45,16.93
26/6/2020,426.92001339999996,157.83999630000002,134.1399994,81.73000336,21.47999954,275.7000122,183.16999819999998,98.79000092,21.46999931,84.5,177.58000180000002,30.89999962,92.11000061,140.91999819999998,107.72000120000001,86.51000214,225.03999330000002,69.06999969,26.25,40.18000031,35.52999878,67.87000275,399.9700012,306.36999510000004,142.9400024,29.11000061,109.4899979,43.95000076,17.5,170.86999509999998,100.8700027,84.20999908,289.2900085,65.55000305,910.0,52.97999954,104.3000031,181.0099945,29.70000076,221.14999390000003,37.74000168,234.92999269999996,187.4799957,32.52999878,86.41999817,256.7999878,106.0,12.97000027,203.49,251.83,55.5,16.06
29/6/2020,424.20001219999995,160.33999630000002,133.5899963,82.77999878,20.21999931,272.94000239999997,183.33000180000002,98.09999847,21.29000092,83.72000122,171.66999819999998,31.45000076,91.76000214,135.1900024,107.72000120000001,78.15000153,217.6600037,69.5,25.01000023,40.72999954,35.11000061,67.45999908,394.5499878,300.35998539999997,139.5599976,28.0,108.1999969,44.79000092,17.35000038,168.3500061,100.83000179999999,84.91999817,270.9599915,64.51000214,922.4199829,49.79000092,103.6800003,175.13000490000002,29.15999985,210.99000550000002,36.88000107,230.19000240000003,186.17999269999999,30.87000084,86.34999847,248.55999759999997,105.3899994,12.53999996,199.84,249.7,54.67,16.17
30/6/2020,435.3099976,162.71000669999998,133.0899963,82.91000366,20.76000023,277.0400085,187.33000180000002,100.29000090000001,21.77000046,86.94999695,172.21000669999998,32.16999817,92.20999908,138.3600006,110.66999820000001,85.12999725,224.35000609999997,63.20999908,25.23999977,41.65999985,35.95000076,68.90000153,405.05999760000003,309.730011,145.8899994,28.62000084,111.1200027,45.31000137,18.04999924,174.2299957,104.01999659999998,85.79000092,285.01000980000003,65.01000214,949.2000122000002,50.91999817,104.9400024,180.2700043,29.80999947,219.41999819999998,37.95999908,234.41999819999998,187.3600006,31.09000015,88.52999878,253.53999330000002,109.5,12.75,200.23,256.22,53.49,16.61
1/7/2020,439.8099976,167.4499969,139.1999969,87.16000366,21.22999954,287.7900085,191.8899994,102.9499969,21.78000069,89.37999725,178.96000669999998,33.63000107,94.72000122,147.97000119999998,114.1299973,86.44999695,232.5500031,64.09999847,27.40999985,43.27999878,36.93000031,71.80000305,416.7900085,320.26000980000003,150.88000490000002,29.79999924,113.79000090000001,47.00999832,18.81999969,177.42999269999999,104.0100021,87.63999939,290.30999760000003,65.47000122,1016.6400150000001,53.86000061,115.90000149999999,185.6100006,30.13999939,227.7700043,38.61000061,242.2200012,191.47000119999998,31.05999947,89.23999786,259.1300049,111.5100021,12.90999985,210.92,265.77,55.48,17.31
2/7/2020,442.95001219999995,163.5599976,136.2599945,88.06999969,20.68000031,290.7900085,192.52999880000002,107.2699966,21.64999962,89.58999634,190.9900055,35.61000061,94.58000183,146.4900055,113.58000179999999,84.51000214,232.5299988,61.68999863,27.93000031,43.25999832,36.47000122,71.05999756,414.2099915,321.5,152.9900055,30.01000023,112.2399979,48.00999832,19.03000069,177.21000669999998,104.70999909999999,87.81999969,287.63000489999996,65.41999817,1029.969971,52.70000076,113.3899994,190.08000180000002,29.56999969,232.35000609999997,39.31000137,242.03999330000002,188.4499969,30.30999947,88.48000336,261.73999019999997,110.20999909999999,12.84000015,207.76,272.85,55.1,17.33
6/7/2020,452.58999630000005,166.3999939,133.2899933,87.75,20.84000015,287.0400085,197.72000119999998,106.3899994,22.42000008,88.95999908,190.66000369999998,36.00999832,93.54000092,147.36999509999998,115.34999850000001,84.37000275,235.13000490000002,62.08000183,27.84000015,43.66999817,38.34000015,68.40000153,416.44000239999997,321.4100037,150.8500061,29.69000053,113.6800003,49.43999863,18.88999939,176.17999269999999,106.83000179999999,90.05000305,290.7900085,65.11000061,986.7700195,50.97999954,118.97000120000001,190.47000119999998,29.67000008,235.44000240000003,38.74000168,245.5500031,190.78999330000002,31.12000084,89.37000275,261.0,114.77999879999999,12.72999954,207.26,276.56,55.35,17.26
7/7/2020,449.3599853999999,161.1900024,136.3899994,85.19000244,20.62999916,290.38000489999996,196.38000490000002,106.41999820000001,22.44000053,90.08999634,197.75,36.54999924,93.31999969,146.3899994,114.6800003,87.51000214,235.25999449999998,59.88000107,28.52000046,43.15000153,37.90999985,66.87000275,411.73999019999997,313.730011,143.83000180000002,29.73999977,112.6999969,49.43000031,18.47999954,177.27999880000002,105.9499969,88.73000336,286.730011,65.18000031,1013.98999,50.56999969,125.59999850000001,190.4400024,30.19000053,233.3000031,39.13000107,244.9499969,191.6000061,31.47999954,89.75,262.1000061,113.8399963,12.63000011,207.34,282.81,55.05,17.27
8/7/2020,457.6799927,162.71000669999998,141.2700043,86.41000366,21.20999908,304.86999510000004,200.27999880000002,114.5500031,22.73999977,96.12999725,206.3500061,37.99000168,96.58999634,151.46000669999998,118.1999969,96.16000366,239.6600037,59.59000015,29.40999985,43.58000183,38.40000153,67.51000214,425.20001219999995,319.14001460000003,147.8999939,30.05999947,118.04000090000001,51.33000183,19.02000046,181.57000730000001,107.27999879999999,91.54000092,294.32000730000004,65.55999756,1017.2999880000001,52.86000061,133.3500061,195.88000490000002,30.87999916,243.6100006,41.74000168,252.39999390000003,198.3000031,34.24000168,92.31999969,266.32000730000004,120.84999850000001,12.68000031,219.78,292.12,55.76,18.0
9/7/2020,460.83999630000005,161.11999509999998,140.36999509999998,87.37999725,20.97999954,312.2200012,200.7400055,117.45999909999999,22.39999962,96.09999847,212.41999819999998,37.97000122,98.31999969,151.97000119999998,120.9400024,102.7200012,238.1100006,57.88999939,31.81999969,44.65000153,39.72999954,68.19000244,426.36999510000004,314.01000980000003,145.63000490000002,30.07999992,122.5199966,51.18000031,19.39999962,183.2299957,109.4899979,93.66000366,295.64001460000003,66.52999878,1040.02002,52.88000107,129.3899994,195.72000119999998,31.42000008,245.3000031,41.13000107,256.6900024,197.5599976,34.02000046,94.26999664,269.519989,127.4100037,12.84000015,222.95,296.71,55.67,18.2
10/7/2020,466.20001219999995,161.27999880000002,136.53999330000002,87.44000244,20.56999969,308.2799988,198.88000490000002,116.65000149999999,22.11000061,96.41000366,210.1100006,35.63000107,95.23000336,147.17999269999999,119.0599976,94.91000366,233.63000490000002,56.99000168,30.04999924,43.56999969,40.08000183,67.87999725,422.91000369999995,309.0,144.53999330000002,28.21999931,122.5500031,49.0,18.96999931,178.3999939,110.0100021,91.40000153,284.5,66.20999908,1031.859985,51.41999817,128.0500031,192.0,31.17000008,240.58000180000002,40.16999817,254.1600037,195.88000490000002,33.84000015,92.5,275.86999510000004,125.4899979,12.43000031,218.73,294.23,55.07,17.79
13/7/2020,442.4700012,149.38000490000002,126.90000149999999,83.30999756,19.17000008,283.01000980000003,188.33999630000002,106.20999909999999,20.26000023,86.66000366,190.0200043,33.33000183,89.69999695,134.36999509999998,110.77999879999999,83.19999695,218.0899963,55.74000168,28.09000015,40.90999985,36.75,65.12999725,401.86999510000004,290.25,135.3600006,25.67000008,117.6399994,46.97999954,17.70999908,171.5099945,106.9300003,86.59999847,260.2200012,65.16000366,968.75,47.47000122,118.65000149999999,179.5500031,29.14999962,224.8000031,40.29999924,240.7700043,184.7700043,33.41999817,87.69000244,260.2999878,119.9100037,11.65999985,200.09,281.0,53.48,16.79
14/7/2020,433.7799988,149.86999509999998,128.25,84.0,18.81999969,297.7900085,189.5599976,105.6100006,20.29000092,88.88999939,196.42999269999999,33.84000015,88.93000031,135.0599976,112.5100021,81.87000275,211.99000550000002,56.25,27.09000015,41.06999969,36.75,66.11000061,413.230011,286.44000239999997,135.16999819999998,25.39999962,117.0199966,46.34000015,18.51000023,172.3000031,109.0599976,87.55999756,262.5799866,64.54000092,974.4099731000001,46.90000153,121.2399979,174.1499939,29.12999916,223.82000730000004,40.61999893,244.4700012,185.67999269999999,32.36999893,88.68000031,260.01000980000003,122.4300003,11.64999962,206.75,279.82,53.93,16.67
15/7/2020,433.01000980000003,148.92999269999999,125.79000090000001,85.30999756,19.03000069,297.17999269999996,188.08999630000002,103.1500015,20.85000038,88.48000336,192.83000180000002,34.08000183,89.76000214,135.1100006,112.7300034,82.37000275,216.3600006,58.18999863,27.45999908,41.38999939,36.11999893,66.94999695,423.5599976,294.19000239999997,137.6100006,25.80999947,115.1200027,45.61000061,18.70000076,172.0599976,109.7399979,89.23000336,257.2099915,66.18000031,959.4500122000002,46.04999924,122.1999969,175.32000730000001,29.79999924,224.2700043,41.34999847,247.75999449999998,183.2299957,32.11999893,88.41999817,256.2200012,119.8399963,12.03999996,204.05,273.68,53.68,16.67
16/7/2020,426.2900085,145.83999630000002,124.3099976,84.11000061,18.45999908,296.9500122,185.5099945,101.05999759999999,20.65999985,85.31500244,191.72000119999998,33.09999847,88.41999817,131.1900024,110.5599976,78.12000275,215.0,55.47999954,27.10000038,40.09999847,35.09999847,66.44000244,413.88000489999996,290.2999878,136.1399994,25.29999924,114.5599976,44.38000107,18.28000069,169.8099976,106.2300034,88.12000275,251.36999509999998,66.61000061,925.4899902000001,45.63000107,119.9499969,171.2400055,28.98999977,222.38000490000002,41.40000153,246.25999449999998,181.71000669999998,31.61000061,87.36000061,248.53999330000002,117.15000149999999,11.81000042,202.52,271.42,53.34,16.22
17/7/2020,432.42001339999996,148.42999269999999,125.3700027,85.11000061,18.46999931,303.64001460000003,187.77999880000002,101.4300003,20.82999992,87.30000305,196.41000369999998,33.5,90.36000061,131.5599976,112.0599976,78.0,220.05999759999997,56.34000015,27.90999985,41.18000031,37.02000046,65.27999878,421.8099976,295.07000730000004,137.33999630000002,25.76000023,114.70999909999999,44.40000153,18.84000015,173.91999819999998,108.4899979,90.18000031,258.0499878,66.55999756,928.1300049,45.52000046,120.7300034,172.8600006,29.88999939,238.57000730000004,41.56999969,250.3000031,182.83000180000002,32.11000061,89.75,246.53999330000002,120.3099976,11.81000042,207.38,270.3,53.39,16.37
20/7/2020,455.26998899999995,152.7700043,130.5800018,88.80000305,19.5,316.05999760000003,195.08999630000002,106.72000120000001,22.88999939,92.13999939,201.9900055,34.84999847,92.98000336,142.0200043,118.2399979,84.84999847,229.60000609999997,56.45000076,29.57999992,43.49000168,38.36999893,66.55000305,449.26998899999995,302.7999878,140.6999969,26.97999954,119.04000090000001,45.84000015,19.45999908,178.82000730000001,113.5,93.79000092,274.60000610000003,67.51999664,1009.3900150000001,47.93999863,128.3899994,190.32000730000001,31.37999916,262.9700012,45.59999847,261.480011,193.9900055,33.29000092,96.15000153,268.57998660000004,127.59999850000001,12.14999962,213.24,282.18,55.93,17.19
21/7/2020,444.2799988,147.22000119999998,126.16999820000001,87.12999725,18.94000053,309.48999019999997,190.8000031,106.59999850000001,22.42000008,90.72000122,201.02999880000002,34.25,91.69999695,140.6100006,116.0599976,82.94000244,230.61999509999998,56.59000015,29.81999969,43.74499893,38.18000031,64.69000244,437.2200012,293.89999389999997,136.08999630000002,27.52000046,121.84999850000001,45.34000015,19.45999908,175.58000180000002,112.84999850000001,93.18000031,285.88000489999996,66.73000336,952.8300171,48.43999863,126.9899979,192.4900055,31.54999924,260.51000980000003,44.43000031,257.0,188.5,32.61000061,94.30000305,260.4400024,125.47000120000001,11.92000008,211.31,275.69,55.54,16.69
22/7/2020,445.04998780000005,147.0200043,126.5,87.37999725,18.78000069,313.42999269999996,191.3099976,103.70999909999999,22.14999962,89.5,203.9799957,34.29000092,91.83999634,140.2400055,115.58000179999999,83.56999969,231.16999819999998,56.25999832,29.90999985,43.29000092,38.04000092,64.40000153,441.6000061000001,298.05999760000003,136.25,27.67000008,122.72000120000001,45.72999954,19.14999962,178.41999819999998,112.15000149999999,94.34999847,281.82998660000004,65.83999634,957.3300171,48.20999908,129.1799927,191.3000031,31.36000061,262.0499878,44.93999863,258.6499939,188.57000730000001,30.94000053,95.97000122,261.17999269999996,125.1100006,11.88000011,210.82,273.55,54.89,16.58
23/7/2020,431.73999019999997,140.96000669999998,123.8099976,86.40000153,18.28000069,296.35000610000003,188.53999330000002,101.45999909999999,21.84000015,85.22000122,198.4900055,32.31000137,91.34999847,134.8899994,112.8199997,80.05000305,224.21000669999998,55.75999832,30.35000038,43.09999847,36.43000031,63.24000168,430.8500061000001,291.2000122,135.3899994,27.39999962,120.20999909999999,44.43000031,18.79999924,173.8600006,111.5699997,93.87999725,275.38000489999996,64.91000366,928.4099731000001,46.74000168,122.9300003,188.6399994,31.10000038,254.32000730000004,43.93000031,254.03999330000002,185.36999509999998,30.35000038,94.80999756,251.5,123.45999909999999,11.86999989,206.77,269.75,54.2,16.37
24/7/2020,430.3099976,137.82000730000001,123.9300003,84.69999695,17.75,292.10998539999997,188.4900055,100.0299988,21.35000038,84.83999634,190.9499969,31.43000031,88.81999969,133.2100067,111.4400024,78.80000305,222.78999330000002,55.29000092,29.75,43.06000137,35.72000122,63.04000092,425.1900024,286.9700012,131.9600067,27.04999924,118.75,43.97999954,18.26000023,172.5599976,110.27999879999999,92.37000275,268.25,63.90000153,929.8099976,46.84999847,121.4100037,184.33999630000002,29.95999908,248.28999330000002,42.22999954,251.9499969,182.77999880000002,29.71999931,94.12000275,246.55999759999997,121.72000120000001,11.52000046,205.64,267.47,53.3,16.16
27/7/2020,437.1000061000001,141.13000490000002,126.1900024,86.66000366,17.63999939,292.85000610000003,190.96000669999998,103.5999985,21.54999924,87.83000183,196.2700043,32.56999969,90.44000244,139.2700043,114.34999850000001,80.11000061,226.94000240000003,55.04000092,31.57999992,43.36000061,37.36000061,64.09999847,433.8099976,290.2900085,134.22000119999998,28.02000046,121.90000149999999,44.77999878,19.45000076,177.9799957,113.5,94.44999695,277.82000730000004,63.99000168,976.3900146,47.63000107,125.75,184.5099945,30.62000084,252.8600006,42.97000122,253.5,183.7599945,29.37000084,96.30999756,252.33000180000002,124.8700027,11.73999977,206.0,272.47,54.86,16.37
28/7/2020,432.26000980000003,136.11999509999998,124.34999850000001,85.12000275,17.54999924,294.38000489999996,189.5,105.7300034,22.27000046,88.27999878,196.7299957,31.45000076,89.87999725,139.11999509999998,113.9800034,80.66999817,222.5500031,54.36999893,30.28000069,43.88999939,37.65000153,65.18000031,435.0400085,286.7900085,131.86999509999998,28.18000031,119.95999909999999,44.40999985,19.20999908,176.2700043,114.70999909999999,94.12999725,275.7999878,62.04000092,985.0,46.81999969,123.5100021,183.3600006,30.37000084,249.78999330000002,41.49000168,251.00999449999998,180.38000490000002,28.75,95.11000061,252.17999269999996,124.3799973,11.38000011,205.06,269.71,54.33,16.12
29/7/2020,436.29998780000005,140.2400055,130.1900024,87.33000183,17.62999916,300.07000730000004,193.6100006,112.91999820000001,22.55999947,90.12999725,209.1499939,32.45000076,93.41999817,142.72000119999998,116.15000149999999,84.94000244,232.2799988,55.45999908,31.20999908,46.36000061,38.70000076,68.0,445.7099915,294.42001339999996,135.28999330000002,29.94000053,124.8799973,46.11000061,19.65999985,184.6000061,121.65000149999999,95.11000061,283.3399963,63.15000153,1053.589966,48.0,128.5500031,187.1100006,35.79999924,264.6199951,43.27999878,259.5299988,183.91000369999998,28.60000038,99.31999969,252.3899994,126.97000120000001,11.56000042,210.88,279.38,55.76,16.63
30/7/2020,438.88000489999996,139.02999880000002,131.6000061,88.56999969,17.57999992,302.92999269999996,191.6999969,111.9100037,22.38999939,92.76000214,213.94000240000003,32.54999924,94.62000275,141.58999630000002,117.41999820000001,92.55999756,232.41999819999998,56.20000076,30.52000046,46.84000015,41.13000107,69.69999695,431.3999938999999,286.5299988,133.1100006,29.90999985,125.2699966,45.38000107,21.5,192.5099945,122.4300003,93.40000153,281.48999019999997,62.86000061,1048.839966,47.91999817,129.13000490000002,187.66000369999998,31.96999931,267.4500122,43.86999893,261.9400024,180.58000180000002,28.77000046,100.51999659999998,250.0,129.2899933,11.36999989,219.32,284.92,55.69,16.51
31/7/2020,444.3200073,139.22000119999998,134.4499969,88.91000366,17.95000076,306.4500122,194.8500061,113.1999969,22.75,93.86000061,216.83000180000002,32.18000031,96.19000244,142.8000031,120.8199997,96.48999786,234.6100006,56.72000122,30.72999954,46.93000031,41.61999893,70.91000366,439.20001219999995,284.36999510000004,133.1999969,30.47999954,115.66999820000001,45.40999985,21.17000008,196.07000730000001,123.4800034,94.05000305,290.269989,63.00999832,1024.0,47.74000168,129.8500061,176.6499939,33.93000031,277.42001339999996,47.09500122,264.57000730000004,180.91999819999998,29.54999924,91.15000153,253.9100037,129.8500061,11.64000034,220.98,290.48,55.9,16.82
3/8/2020,447.9700012,145.42999269999999,138.83000180000002,90.84999847,18.06999969,312.85000610000003,203.1900024,115.4800034,23.15999985,95.66999817,226.2799988,32.36999893,97.91999817,145.8600006,129.13000490000002,111.6600037,240.1100006,58.5,30.25,46.83000183,42.50999832,71.43000031,439.9599915,288.07998660000004,134.75,30.70999908,114.3399963,44.99000168,21.64999962,197.07000730000001,123.5100021,98.18000031,305.35998539999997,62.81999969,1083.050049,48.40000153,134.8000031,177.9499969,34.47000122,286.32998660000004,48.15999985,268.0599976,181.58999630000002,30.5,92.30999756,268.0,132.5800018,11.81999969,222.32,302.53,57.73,17.36
4/8/2020,446.92001339999996,155.97000119999998,137.57000730000001,91.20999908,17.98999977,313.32000730000004,201.41000369999998,114.95999909999999,23.22999954,94.22000122,227.67999269999996,31.82999992,95.66999817,147.32000730000001,129.2700043,116.1800003,231.33000180000002,59.06999969,30.47999954,46.09999847,42.31000137,73.5,438.1499938999999,285.5,133.9400024,30.95999908,115.97000120000001,44.88999939,21.81999969,197.33000180000002,124.0199966,97.41000366,295.89001460000003,62.45999908,1080.0,47.84999847,136.83000180000002,177.47000119999998,33.68000031,283.76000980000003,47.15000153,268.230011,181.4900055,30.54000092,91.37999725,267.3399963,132.4900055,11.86999989,219.3899994,304.55,58.41,17.58
5/8/2020,449.510009765625,162.9199981689453,133.44000244140625,92.80000305175781,18.399999618530273,315.94000244140625,202.63999938964844,114.75,23.219999313354492,94.31999969482422,226.02000427246094,32.529998779296875,94.7300033569336,150.27999877929688,128.3000030517578,108.91999816894531,237.8000030517578,59.400001525878906,31.09000015258789,45.970001220703125,42.4900016784668,55.77000045776367,435.739990234375,302.04998779296875,138.22000122070312,32.84000015258789,113.01000213623047,45.380001068115234,22.360000610351562,202.91000366210938,124.11000061035156,99.47000122070312,290.94000244140625,62.86000061035156,1094.6500244140625,47.34000015258789,146.5500030517578,180.5,33.90999984741211,278.1099853515625,48.53499984741211,272.1700134277344,183.99000549316406,30.010000228881836,91.4800033569336,272.8999938964844,134.52999877929688,12.4399995803833,223.55999755859375,309.59,58.09,18.15
6/8/2020,454.55999755859375,166.97999572753906,125.4000015258789,91.80000305175781,17.670000076293945,308.3699951171875,206.10000610351562,109.43000030517578,23.03499984741211,88.22489929199219,218.99000549316406,31.36090087890625,91.91000366210938,142.64300537109375,125.81500244140625,87.16079711914062,256.1000061035156,59.7599983215332,30.670000076293945,45.54999923706055,40.43000030517578,56.310001373291016,426.760009765625,291.04998779296875,133.25,31.469999313354492,109.72000122070312,45.0,21.96500015258789,199.94500732421875,122.62000274658203,103.20999908447266,282.1000061035156,62.43000030517578,1075.3800048828125,45.46500015258789,152.0614013671875,176.3300018310547,32.970001220703125,263.6440124511719,43.150001525878906,267.0899963378906,181.40499877929688,30.3700008392334,89.52999877929688,265.6000061035156,131.3000030517578,12.085000038146973,215.5449981689453,279.415,56.54,17.985
